Category,Image URL,Filename
Eiffel Tower France,https://tse3.mm.bing.net/th?q=London+Eiffel+Tower&w=42&h=42&c=7&rs=1&p=0&o=5&pid=1.7&mkt=en-IN&cc=IN&setlang=en&adlt=moderate&t=1,EiffelTowerFrance3.jpg
Eiffel Tower France,https://tse3.mm.bing.net/th/id/OIP.-Tex-OweeRkbuEi40KA-jwHaFj?w=64&h=64&c=1&rs=1&qlt=90&r=0&pid=InlineBlock,EiffelTowerFrance6.jpg
Eiffel Tower France,https://tse1.mm.bing.net/th/id/OIP._9YSP7Y4XIb_m1kWA0Ed4AHaFj?w=64&h=64&c=1&rs=1&qlt=90&r=0&pid=InlineBlock,EiffelTowerFrance8.jpg
Eiffel Tower France,https://tse1.mm.bing.net/th?q=Eiffel+Tower+France+High+Resolution+Image&w=178&h=68&c=1&rs=1&pid=InlineBlock&mkt=en-IN&cc=IN&setlang=en&adlt=moderate&t=1,EiffelTowerFrance10.jpg
Eiffel Tower France,https://tse3.mm.bing.net/th/id/OIP.uCmf9gcy8UT6gZeQIqKOhQHaLI?w=194&h=292&c=7&r=0&o=5&pid=1.7,EiffelTowerFrance16.jpg
Eiffel Tower France,https://tse3.mm.bing.net/th/id/OIP.HujznDSYdBsSgnk6_qvmRQHaEK?w=194&h=109&c=7&r=0&o=5&pid=1.7,EiffelTowerFrance19.jpg
Eiffel Tower France,https://tse3.mm.bing.net/th/id/OIP.qGCeSP0DO_ShxpMBIYjVbgHaE8?w=194&h=129&c=7&r=0&o=5&pid=1.7,EiffelTowerFrance21.jpg
Eiffel Tower France,https://tse3.mm.bing.net/th/id/OIP.Cw1_0pW7HspSd7iRqglDkQHaNK?w=187&h=333&c=7&r=0&o=5&pid=1.7,EiffelTowerFrance22.jpg
Eiffel Tower France,https://tse3.mm.bing.net/th/id/OIP.2bUqMn2CVMi4prez4nMsBQHaJQ?w=194&h=242&c=7&r=0&o=5&pid=1.7,EiffelTowerFrance23.jpg
Eiffel Tower France,https://tse3.mm.bing.net/th/id/OIP.DK15h09-9l_MNxJ7ruZ5sgHaJ4?w=64&h=64&c=1&rs=1&qlt=90&r=0&pid=InlineBlock,EiffelTowerFrance24.jpg
Great Wall of China,https://tse4.mm.bing.net/th?q=Great+Wall+of+China+Beijing&w=42&h=42&c=7&rs=1&p=0&o=5&pid=1.7&mkt=en-IN&cc=IN&setlang=en&adlt=moderate&t=1,GreatWallofChina1.jpg
Great Wall of China,https://tse1.mm.bing.net/th?q=Great+Wall+of+China+Snow&w=42&h=42&c=7&rs=1&p=0&o=5&pid=1.7&mkt=en-IN&cc=IN&setlang=en&adlt=moderate&t=1,GreatWallofChina2.jpg
Great Wall of China,https://tse3.mm.bing.net/th/id/OIP.D43zfSFjGqcU_bZ5g7Zu2wHaHa?w=145&h=180&c=7&r=0&o=5&pid=1.7,GreatWallofChina6.jpg
Great Wall of China,https://tse4.mm.bing.net/th/id/OIP.rIU69gn9OkV3igP5rJBT4AHaEK?w=262&h=180&c=7&r=0&o=5&pid=1.7,GreatWallofChina7.jpg
Great Wall of China,https://tse1.mm.bing.net/th/id/OIP.XJQ8fwjrKcqe959gH3Rr2AHaE4?w=222&h=180&c=7&r=0&o=5&pid=1.7,GreatWallofChina8.jpg
Great Wall of China,https://tse4.mm.bing.net/th/id/OIP.wIRKfP8CSNoGuIFh9FpfnAHaE8?w=295&h=197&c=7&r=0&o=5&pid=1.7,GreatWallofChina9.jpg
Great Wall of China,https://tse2.mm.bing.net/th/id/OIP.82X7ywxFO3TxtLDLKsnKcwHaH6?w=165&h=180&c=7&r=0&o=5&pid=1.7,GreatWallofChina13.jpg
Great Wall of China,https://tse2.mm.bing.net/th/id/OIP.M2qdVT263DRaZuaoreI4rwHaFj?w=89&h=89&c=1&rs=1&qlt=90&r=0&pid=InlineBlock,GreatWallofChina15.jpg
Machu Picchu Peru,https://tse2.mm.bing.net/th?q=Machu+Picchu+Peru+Facts&w=42&h=42&c=7&rs=1&p=0&o=5&pid=1.7&mkt=en-IN&cc=IN&setlang=en&adlt=moderate&t=1,MachuPicchuPeru0.jpg
Machu Picchu Peru,https://tse3.mm.bing.net/th?q=Lima-Peru+Machu+Picchu&w=42&h=42&c=7&rs=1&p=0&o=5&pid=1.7&mkt=en-IN&cc=IN&setlang=en&adlt=moderate&t=1,MachuPicchuPeru2.jpg
Machu Picchu Peru,https://tse4.mm.bing.net/th?q=Machu+Picchu+Peru+4K&w=42&h=42&c=7&rs=1&p=0&o=5&pid=1.7&mkt=en-IN&cc=IN&setlang=en&adlt=moderate&t=1,MachuPicchuPeru3.jpg
Machu Picchu Peru,https://tse4.mm.bing.net/th/id/OIP.Gg05SIXR-qZ1JKRrGD-cZwHaF3?w=251&h=199&c=7&r=0&o=5&pid=1.7,MachuPicchuPeru4.jpg
Machu Picchu Peru,https://tse2.mm.bing.net/th/id/OIP.uHaeQH3zzN9rMI_2g_cj0wHaHa?w=199&h=199&c=7&r=0&o=5&pid=1.7,MachuPicchuPeru5.jpg
Machu Picchu Peru,https://tse3.mm.bing.net/th/id/OIP.qHVkxM1ttkQ3gQIGbwvjOAHaHa?w=65&h=65&c=1&rs=1&qlt=90&r=0&pid=InlineBlock,MachuPicchuPeru6.jpg
Machu Picchu Peru,https://tse3.mm.bing.net/th/id/OIP.PZAV9iCnYSl8pjJ8bvqXZQHaHa?w=65&h=65&c=1&rs=1&qlt=90&r=0&pid=InlineBlock,MachuPicchuPeru7.jpg
Machu Picchu Peru,https://tse1.mm.bing.net/th/id/OIP.NOpXeZaU3-65wNAxIUkmFQHaHa?w=65&h=67&c=1&rs=1&qlt=90&r=0&pid=InlineBlock,MachuPicchuPeru8.jpg
Machu Picchu Peru,https://tse2.mm.bing.net/th/id/OIP.7aaCOaxDsj0GgUDO2WQh2wHaFj?w=265&h=199&c=7&r=0&o=5&pid=1.7,MachuPicchuPeru9.jpg
Machu Picchu Peru,https://tse3.mm.bing.net/th/id/OIP.qHVkxM1ttkQ3gQIGbwvjOAHaHa?w=199&h=199&c=7&r=0&o=5&pid=1.7,MachuPicchuPeru10.jpg
Machu Picchu Peru,https://tse2.mm.bing.net/th/id/OIP.fjkcdGJZCXjLLW68kZriXwHaEK?w=318&h=180&c=7&r=0&o=5&pid=1.7,MachuPicchuPeru11.jpg
Machu Picchu Peru,https://tse1.mm.bing.net/th/id/OIP.YogmUfQEbVv5zZXAJVUElAHaE8?w=268&h=180&c=7&r=0&o=5&pid=1.7,MachuPicchuPeru12.jpg
Machu Picchu Peru,https://tse3.mm.bing.net/th/id/OIP.Ph3iPUQXrCXRqWrznxsY9AHaJh?w=108&h=180&c=7&r=0&o=5&pid=1.7,MachuPicchuPeru13.jpg
Machu Picchu Peru,https://tse1.mm.bing.net/th/id/OIP.A_7T3nKmofQLN-3ZwS5xFwHaE8?w=89&h=89&c=1&rs=1&qlt=90&r=0&pid=InlineBlock,MachuPicchuPeru14.jpg
Machu Picchu Peru,https://tse1.mm.bing.net/th/id/OIP.qn6DKr5xtOXPufbFfX085QHaEC?w=89&h=90&c=1&rs=1&qlt=90&r=0&pid=InlineBlock,MachuPicchuPeru15.jpg
Machu Picchu Peru,https://tse1.mm.bing.net/th/id/OIP.A_7T3nKmofQLN-3ZwS5xFwHaE8?w=298&h=199&c=7&r=0&o=5&pid=1.7,MachuPicchuPeru16.jpg
Machu Picchu Peru,https://tse3.mm.bing.net/th/id/OIP.kGniixY4oB_-pXoDS2ZyFwHaE6?w=300&h=199&c=7&r=0&o=5&pid=1.7,MachuPicchuPeru17.jpg
Machu Picchu Peru,https://tse3.mm.bing.net/th/id/OIP.x76gqTgEN5t97u6IA0lkJQHaFj?w=265&h=199&c=7&r=0&o=5&pid=1.7,MachuPicchuPeru18.jpg
Machu Picchu Peru,https://tse1.mm.bing.net/th/id/OIP.58gYYiCA4MHZ6Z6PKpBZRQHaMl?w=117&h=199&c=7&r=0&o=5&pid=1.7,MachuPicchuPeru19.jpg
Statue of Liberty USA,https://tse4.mm.bing.net/th?q=Statue+Liberty+Picture&w=42&h=42&c=7&rs=1&p=0&o=5&pid=1.7&mkt=en-IN&cc=IN&setlang=en&adlt=moderate&t=1,StatueofLibertyUSA0.jpg
Statue of Liberty USA,https://tse3.mm.bing.net/th?q=Statue+Liberty+Island&w=42&h=42&c=7&rs=1&p=0&o=5&pid=1.7&mkt=en-IN&cc=IN&setlang=en&adlt=moderate&t=1,StatueofLibertyUSA1.jpg
Statue of Liberty USA,https://tse1.mm.bing.net/th?q=Liberty+Statue+NY&w=42&h=42&c=7&rs=1&p=0&o=5&pid=1.7&mkt=en-IN&cc=IN&setlang=en&adlt=moderate&t=1,StatueofLibertyUSA2.jpg
Statue of Liberty USA,https://tse3.mm.bing.net/th?q=Lady+Liberty+and+Statue+of+Liberty&w=42&h=42&c=7&rs=1&p=0&o=5&pid=1.7&mkt=en-IN&cc=IN&setlang=en&adlt=moderate&t=1,StatueofLibertyUSA3.jpg
Statue of Liberty USA,https://tse1.mm.bing.net/th/id/OIP.lhZVja_uU_B7kW3xroOpTwHaE8?w=274&h=183&c=7&r=0&o=5&pid=1.7,StatueofLibertyUSA4.jpg
Statue of Liberty USA,https://tse1.mm.bing.net/th/id/OIP.Y-uph0UnImD6XibXYxcC0gHaFj?w=244&h=183&c=7&r=0&o=5&pid=1.7,StatueofLibertyUSA5.jpg
Statue of Liberty USA,https://tse3.mm.bing.net/th/id/OIP.T_dBNO4VIwfyPvkiUYmwwAHaJ4?w=137&h=183&c=7&r=0&o=5&pid=1.7,StatueofLibertyUSA6.jpg
Statue of Liberty USA,https://tse3.mm.bing.net/th/id/OIP.tDNbWoj5XzBl45aStRqWJgHaEK?w=325&h=183&c=7&r=0&o=5&pid=1.7,StatueofLibertyUSA7.jpg
Statue of Liberty USA,https://tse1.mm.bing.net/th/id/OIP.m5kBpvw_I2V-4nyVtAklEQHaE8?w=257&h=180&c=7&r=0&o=5&pid=1.7,StatueofLibertyUSA8.jpg
Statue of Liberty USA,https://tse3.mm.bing.net/th/id/OIP.p2tW1S6vtzaD77l-jAPARgHaE8?w=257&h=180&c=7&r=0&o=5&pid=1.7,StatueofLibertyUSA9.jpg
Statue of Liberty USA,https://tse4.mm.bing.net/th/id/OIP.FmYe7TKig5-OtQ8AOXrzFQHaEk?w=278&h=180&c=7&r=0&o=5&pid=1.7,StatueofLibertyUSA10.jpg
Statue of Liberty USA,https://tse3.mm.bing.net/th/id/OIP.3-6oTOb_E5vg2CZgyjMbIgHaEH?w=280&h=180&c=7&r=0&o=5&pid=1.7,StatueofLibertyUSA11.jpg
Statue of Liberty USA,https://tse4.mm.bing.net/th/id/OIP.RwwMtkA4W1YZGDm9cZjNHwHaE8?w=233&h=180&c=7&r=0&o=5&pid=1.7,StatueofLibertyUSA12.jpg
Statue of Liberty USA,https://tse1.mm.bing.net/th/id/OIP.R3ybhYXwk4ceHcf-M0iBbAHaE8?w=233&h=180&c=7&r=0&o=5&pid=1.7,StatueofLibertyUSA13.jpg
Statue of Liberty USA,https://tse1.mm.bing.net/th/id/OIP.M0pUADa26AZ8CB0GJD-xOwHaE8?w=234&h=180&c=7&r=0&o=5&pid=1.7,StatueofLibertyUSA14.jpg
Statue of Liberty USA,https://ts2.mm.bing.net/th?id=OIP.BPK2eSUFZpjtVkx8mitN9AHaEK&pid=15.1,StatueofLibertyUSA15.jpg
Statue of Liberty USA,https://ts4.mm.bing.net/th?id=OIP.ZjnENlc7JQtO8URnHaECnwHaFj&pid=15.1,StatueofLibertyUSA16.jpg
Statue of Liberty USA,https://ts3.mm.bing.net/th?id=OIP.opNre7lXKaZI3KaF_XmqQQHaK3&pid=15.1,StatueofLibertyUSA17.jpg
Statue of Liberty USA,https://ts1.mm.bing.net/th?id=OIP.nH59g3dv9wyLlqPIMcpWewHaEK&pid=15.1,StatueofLibertyUSA18.jpg
Statue of Liberty USA,https://ts1.mm.bing.net/th?id=OIP.Yc4YU0pR1Bf6OeVgOFy1GQHaFj&pid=15.1,StatueofLibertyUSA19.jpg
Statue of Liberty USA,https://ts1.mm.bing.net/th?id=OIP.LCkleAU14nP0zYydxvhAEgHaEK&pid=15.1,StatueofLibertyUSA20.jpg
Statue of Liberty USA,https://ts3.mm.bing.net/th?id=OIP.4Q6Gcnu5hnJZpDbDl9DGtwHaEK&pid=15.1,StatueofLibertyUSA21.jpg
Statue of Liberty USA,https://ts2.mm.bing.net/th?id=OIP.sayNCt_MwbmVZy0OOMAVPgHaGS&pid=15.1,StatueofLibertyUSA22.jpg
Statue of Liberty USA,https://ts3.mm.bing.net/th?id=OIP.R7223F9lJerGiXDV2bymnwHaEK&pid=15.1,StatueofLibertyUSA23.jpg
Statue of Liberty USA,https://ts1.mm.bing.net/th?id=OIP.kpEbgaNz1HrEmHXjoD1q_AHaJ4&pid=15.1,StatueofLibertyUSA24.jpg
Statue of Liberty USA,https://ts4.mm.bing.net/th?id=OIP.z01gQpEO7he2A6-u0f1j0QHaU7&pid=15.1,StatueofLibertyUSA25.jpg
Statue of Liberty USA,https://ts2.mm.bing.net/th?id=OIP.Bm0aweQuyr3XaH3HFyaXOwHaE7&pid=15.1,StatueofLibertyUSA26.jpg
Statue of Liberty USA,https://ts1.mm.bing.net/th?id=OIP.aU8i39AZnevri-VI-egZ1gHaFj&pid=15.1,StatueofLibertyUSA27.jpg
Statue of Liberty USA,https://ts3.mm.bing.net/th?id=OIP.U67Xr8lydK9SnSvzFDIQ7gHaFj&pid=15.1,StatueofLibertyUSA28.jpg
Statue of Liberty USA,https://ts1.mm.bing.net/th?id=OIP.f__3N8sK6_TOXHX2w5t2rwHaJu&pid=15.1,StatueofLibertyUSA29.jpg
Statue of Liberty USA,https://ts1.mm.bing.net/th?id=OIP.ul2ua10F42A1I_yDdTmyyAHaEx&pid=15.1,StatueofLibertyUSA30.jpg
Statue of Liberty USA,https://ts1.mm.bing.net/th?id=OIP.wkkh7z-mOmn5QJHyvRsvwwHaJ3&pid=15.1,StatueofLibertyUSA31.jpg
Statue of Liberty USA,https://ts1.mm.bing.net/th?id=OIP.a8K28uc4deU2GE2igV0yNQHaFC&pid=15.1,StatueofLibertyUSA32.jpg
Statue of Liberty USA,https://ts2.mm.bing.net/th?id=OIP.4qlAwEtrc3Au4wKUt1NosQHaE8&pid=15.1,StatueofLibertyUSA33.jpg
Statue of Liberty USA,https://ts4.mm.bing.net/th?id=OIP.NqFLvLZ2IdXpEL4qR1mEAwHaJ4&pid=15.1,StatueofLibertyUSA34.jpg
Statue of Liberty USA,https://ts3.mm.bing.net/th?id=OIP.eWdtZNgwV1VN-rYlgoT0mAHaGV&pid=15.1,StatueofLibertyUSA35.jpg
Statue of Liberty USA,https://ts4.mm.bing.net/th?id=OIP.zZmLJBgOVYd7CXJy8RIbEgHaFk&pid=15.1,StatueofLibertyUSA36.jpg
Statue of Liberty USA,https://ts4.mm.bing.net/th?id=OIP.Tw0k1OjDCe1Vddw0b_i31QHaIY&pid=15.1,StatueofLibertyUSA37.jpg
Statue of Liberty USA,https://ts4.mm.bing.net/th?id=OIP.961oCNRdVMtclUp2flc99QHaI4&pid=15.1,StatueofLibertyUSA38.jpg
Statue of Liberty USA,https://ts2.mm.bing.net/th?id=OIP.g9jzuEypojfCZTXy9RYRnQHaGk&pid=15.1,StatueofLibertyUSA39.jpg
Statue of Liberty USA,https://ts3.mm.bing.net/th?id=OIP.Or6edlHq9x_sGdmDVIVFzAHaLG&pid=15.1,StatueofLibertyUSA40.jpg
Statue of Liberty USA,https://ts1.mm.bing.net/th?id=OIP.FxjKEazmuN6PuLjUlqyvzgHaE8&pid=15.1,StatueofLibertyUSA41.jpg
Statue of Liberty USA,https://ts4.mm.bing.net/th?id=OIP.SItNV8ePf9QuI3WhnfZG4QHaEK&pid=15.1,StatueofLibertyUSA42.jpg
Statue of Liberty USA,https://ts3.mm.bing.net/th?id=OIP.l40dnxb8vMmkkqeNqxJ7rgHaEQ&pid=15.1,StatueofLibertyUSA43.jpg
Statue of Liberty USA,https://ts1.mm.bing.net/th?id=OIP.H6hiRCc_z1jPhfx612iY9wHaD2&pid=15.1,StatueofLibertyUSA44.jpg
Statue of Liberty USA,https://ts3.mm.bing.net/th?id=OIP.MGYA5p1D7_d4RFFey79i3gHaE8&pid=15.1,StatueofLibertyUSA45.jpg
Statue of Liberty USA,https://ts3.mm.bing.net/th?id=OIP.Pn6erc3fFUrWJTKMPfuxrQHaDt&pid=15.1,StatueofLibertyUSA46.jpg
Statue of Liberty USA,https://ts1.mm.bing.net/th?id=OIP.xUjrEyhBiAEvbLhMgLEZ3AHaEK&pid=15.1,StatueofLibertyUSA47.jpg
Statue of Liberty USA,https://ts4.mm.bing.net/th?id=OIP.3YWowvMGe6Tkg1s-9VEswAHaEe&pid=15.1,StatueofLibertyUSA48.jpg
Statue of Liberty USA,https://ts2.mm.bing.net/th?id=OIP.Bm0aweQuyr3XaH3HFyaXOwHaE7&pid=15.1,StatueofLibertyUSA49.jpg
Colosseum Italy,https://tse4.mm.bing.net/th?q=Rome%27s+Colosseum&w=42&h=42&c=7&rs=1&p=0&o=5&pid=1.7&mkt=en-IN&cc=IN&setlang=en&adlt=moderate&t=1,ColosseumItaly0.jpg
Colosseum Italy,https://tse3.mm.bing.net/th?q=Roman+Colosseum+Rome&w=42&h=42&c=7&rs=1&p=0&o=5&pid=1.7&mkt=en-IN&cc=IN&setlang=en&adlt=moderate&t=1,ColosseumItaly1.jpg
Colosseum Italy,https://tse2.mm.bing.net/th?q=Colosseum+Ruins&w=42&h=42&c=7&rs=1&p=0&o=5&pid=1.7&mkt=en-IN&cc=IN&setlang=en&adlt=moderate&t=1,ColosseumItaly2.jpg
Colosseum Italy,https://tse4.mm.bing.net/th?q=Colosseum+Aerial+View&w=42&h=42&c=7&rs=1&p=0&o=5&pid=1.7&mkt=en-IN&cc=IN&setlang=en&adlt=moderate&t=1,ColosseumItaly3.jpg
Colosseum Italy,https://tse1.mm.bing.net/th?q=Italian+Colosseum&w=42&h=42&c=7&rs=1&p=0&o=5&pid=1.7&mkt=en-IN&cc=IN&setlang=en&adlt=moderate&t=1,ColosseumItaly4.jpg
Colosseum Italy,https://tse2.mm.bing.net/th/id/OIP.R9LxJbUWHTjXOPM_Doa7jwHaE9?w=298&h=199&c=7&r=0&o=5&pid=1.7,ColosseumItaly5.jpg
Colosseum Italy,https://tse4.mm.bing.net/th/id/OIP.gJ2xaCm2TbjglbnehJNkxgHaJ4?w=65&h=65&c=1&rs=1&qlt=90&r=0&pid=InlineBlock,ColosseumItaly6.jpg
Colosseum Italy,https://tse2.mm.bing.net/th/id/OIP.kzyJ85-bcU2ZqR8Yo9-ZfwHaLH?w=65&h=65&c=1&rs=1&qlt=90&r=0&pid=InlineBlock,ColosseumItaly7.jpg
Colosseum Italy,https://tse3.mm.bing.net/th/id/OIP.JqJF4Fd6lXPNpeuV9VLltAHaJ4?w=65&h=67&c=1&rs=1&qlt=90&r=0&pid=InlineBlock,ColosseumItaly8.jpg
Colosseum Italy,https://tse3.mm.bing.net/th/id/OIP.C7gMVggbC49-3tsPCJt16wHaE8?w=298&h=199&c=7&r=0&o=5&pid=1.7,ColosseumItaly9.jpg
Colosseum Italy,https://tse3.mm.bing.net/th/id/OIP.FvRlgO7PKjfRb4x8c1IuLgHaH6?w=186&h=199&c=7&r=0&o=5&pid=1.7,ColosseumItaly10.jpg
Colosseum Italy,https://tse1.mm.bing.net/th/id/OIP.ZOWEcpVAdHrvz2NNnIoQ4AHaLH?w=132&h=199&c=7&r=0&o=5&pid=1.7,ColosseumItaly11.jpg
Colosseum Italy,https://tse3.mm.bing.net/th/id/OIP.Uk49UqAc2s4udPhGOMdBaQHaFA?w=209&h=180&c=7&r=0&o=5&pid=1.7,ColosseumItaly13.jpg
Colosseum Italy,https://tse3.mm.bing.net/th/id/OIP.Ls0ZvBL40WpWntYTfgEs6gHaLG?w=115&h=180&c=7&r=0&o=5&pid=1.7,ColosseumItaly14.jpg
Colosseum Italy,https://tse3.mm.bing.net/th/id/OIP.xx9uBzVXGf2BpuCh7djrHAHaE7?w=170&h=180&c=7&r=0&o=5&pid=1.7,ColosseumItaly15.jpg
Colosseum Italy,https://tse1.mm.bing.net/th/id/OIP.eTWw31BKr-GZbPz52DHznwHaF7?w=89&h=89&c=1&rs=1&qlt=90&r=0&pid=InlineBlock,ColosseumItaly16.jpg
Colosseum Italy,https://tse2.mm.bing.net/th/id/OIP.ZVuQVXt9iDScMJoSCgs_ogHaE8?w=89&h=90&c=1&rs=1&qlt=90&r=0&pid=InlineBlock,ColosseumItaly17.jpg
Colosseum Italy,https://tse2.mm.bing.net/th/id/OIP.mLJjgCe3ODruWXyfM5VUtAHaEJ?w=264&h=180&c=7&r=0&o=5&pid=1.7,ColosseumItaly18.jpg
Colosseum Italy,https://tse2.mm.bing.net/th/id/OIP.G2IY9c_7KhsUImNYBAwvWAHaEv?w=230&h=180&c=7&r=0&o=5&pid=1.7,ColosseumItaly21.jpg
Taj Mahal India,https://tse2.mm.bing.net/th?q=View+From+Taj+Mahal&w=42&h=42&c=7&rs=1&p=0&o=5&pid=1.7&mkt=en-IN&cc=IN&setlang=en&adlt=moderate&t=1,TajMahalIndia2.jpg
Taj Mahal India,https://tse2.mm.bing.net/th/id/ORA4.D3E92C7B12968E45373AF2D758715C19_3CBA404339C6D0CE?w=200&h=150&o=5&pid=Alab,TajMahalIndia7.jpg
Taj Mahal India,https://tse2.mm.bing.net/th/id/ORA4.3E3AA9F127639503584A6030987EB216_EB3516EBAC4366DC?w=200&h=150&o=5&pid=Alab,TajMahalIndia8.jpg
Taj Mahal India,https://tse3.mm.bing.net/th/id/ORA4.D21931125382686A843D99C457B744D9_424990910E184104?w=200&h=150&o=5&pid=Alab,TajMahalIndia9.jpg
Taj Mahal India,https://tse4.mm.bing.net/th/id/ORA4.DC010A376560812AEC824F6657EADC50_CE09728A0DC08E25?w=200&h=150&o=5&pid=Alab,TajMahalIndia12.jpg
Taj Mahal India,https://tse3.mm.bing.net/th/id/ORA4.1A2AD4CA0F7452A6F3E996DE10398B83_53A9B02E65799EE5?w=200&h=150&o=5&pid=Alab,TajMahalIndia15.jpg
Taj Mahal India,https://tse2.mm.bing.net/th/id/ORA4.2A76D30F2B5B42D64175DFC949803FD4_0401798B01BEFFEC?w=200&h=150&o=5&pid=Alab,TajMahalIndia17.jpg
Taj Mahal India,https://tse3.mm.bing.net/th/id/ORA4.4C2E0875DF0E17056CCA3740ED3D079C_41BDBD9ABE43BEB7?w=200&h=150&o=5&pid=Alab,TajMahalIndia18.jpg
Taj Mahal India,https://tse3.mm.bing.net/th/id/ORA4.84C6FDCE4CE7D25867604BAE649EFC32_7627D317819821A0?w=200&h=150&o=5&pid=Alab,TajMahalIndia19.jpg
Taj Mahal India,https://tse2.mm.bing.net/th/id/ORA4.4F462BD412AA8F2CCDCFBC087F77FA07_6598EEF699B265CD?w=200&h=150&o=5&pid=Alab,TajMahalIndia20.jpg
Taj Mahal India,https://tse2.mm.bing.net/th/id/ORA4.1B565DF12933D2B336F639C966C80DFE_AAA9716697E2669E?w=200&h=150&o=5&pid=Alab,TajMahalIndia21.jpg
Taj Mahal India,https://tse4.mm.bing.net/th/id/ORA4.C6573E5E6C0A4F40AEBD889AC7D22353_AAE115964469B211?w=200&h=150&o=5&pid=Alab,TajMahalIndia22.jpg
Taj Mahal India,https://tse2.mm.bing.net/th/id/ORA4.5A51038BAB92B3033C7C3284818756E7_9EA36F9D2440B318?w=200&h=150&o=5&pid=Alab,TajMahalIndia23.jpg
Taj Mahal India,https://tse2.mm.bing.net/th/id/OIP.mx3-sdudqSfwfcWN5qqoUwHaEK?w=333&h=187&c=7&r=0&o=5&pid=1.7,TajMahalIndia24.jpg
Taj Mahal India,https://ts1.mm.bing.net/th?id=OIP.8kHR5sSW3xuDJe5UbUDUogHaEJ&pid=15.1,TajMahalIndia32.jpg
Taj Mahal India,https://ts1.mm.bing.net/th?id=OIP.jvM72EwODSC4qL08xTO5LwHaD4&pid=15.1,TajMahalIndia33.jpg
Taj Mahal India,https://ts4.mm.bing.net/th?id=OIP.eXIKh11fl2l-UwA2ZLtWIQHaFj&pid=15.1,TajMahalIndia38.jpg
Taj Mahal India,https://ts1.mm.bing.net/th?id=OIP.klG04vifAZx6BtDEE8KM7QHaE9&pid=15.1,TajMahalIndia42.jpg
Taj Mahal India,https://ts4.mm.bing.net/th?id=OIP.B_r3G_b9LgqAWknWG1ZdegHaE8&pid=15.1,TajMahalIndia43.jpg
Taj Mahal India,https://ts4.mm.bing.net/th?id=OIP.mOZ8JkkZg6k4le_iwvp_RQHaGJ&pid=15.1,TajMahalIndia44.jpg
Taj Mahal India,https://ts4.mm.bing.net/th?id=OIP.LdWkpe_uEQA0ylOz4dvX6gAAAA&pid=15.1,TajMahalIndia45.jpg
Taj Mahal India,https://ts1.mm.bing.net/th?id=OIP.vwfBqMazB_cyrSElAmIvyAHaES&pid=15.1,TajMahalIndia46.jpg
Taj Mahal India,https://ts1.mm.bing.net/th?id=OIP.z88zRU60lV07sHxxrLn7eQHaE0&pid=15.1,TajMahalIndia49.jpg
Christ the Redeemer Brazil,https://tse3.mm.bing.net/th?q=Christ+Redeemer+Statue&w=42&h=42&c=7&rs=1&p=0&o=5&pid=1.7&mkt=en-IN&cc=IN&setlang=en&adlt=moderate&t=1,ChristtheRedeemerBrazil0.jpg
Christ the Redeemer Brazil,https://tse3.mm.bing.net/th?q=Christ+the+Redeemer+Statue+Face&w=42&h=42&c=7&rs=1&p=0&o=5&pid=1.7&mkt=en-IN&cc=IN&setlang=en&adlt=moderate&t=1,ChristtheRedeemerBrazil1.jpg
Christ the Redeemer Brazil,https://tse2.mm.bing.net/th?q=Brazil+Christ+the+Redeemer+Jersey&w=42&h=42&c=7&rs=1&p=0&o=5&pid=1.7&mkt=en-IN&cc=IN&setlang=en&adlt=moderate&t=1,ChristtheRedeemerBrazil2.jpg
Christ the Redeemer Brazil,https://tse1.mm.bing.net/th?q=Christ+the+Redeemer+Pics&w=42&h=42&c=7&rs=1&p=0&o=5&pid=1.7&mkt=en-IN&cc=IN&setlang=en&adlt=moderate&t=1,ChristtheRedeemerBrazil3.jpg
Christ the Redeemer Brazil,https://tse3.mm.bing.net/th/id/OIP.HaKluHE64b6jtspOl5SqvAHaJ3?w=124&h=180&c=7&r=0&o=5&pid=1.7,ChristtheRedeemerBrazil4.jpg
Christ the Redeemer Brazil,https://tse2.mm.bing.net/th/id/OIP.9hwyEhBE5wTlNByqMXiWxwHaE8?w=248&h=180&c=7&r=0&o=5&pid=1.7,ChristtheRedeemerBrazil5.jpg
Christ the Redeemer Brazil,https://tse1.mm.bing.net/th/id/OIP.THPt8XDpzIi7EqW0STA6uAHaE8?w=248&h=180&c=7&r=0&o=5&pid=1.7,ChristtheRedeemerBrazil7.jpg
Christ the Redeemer Brazil,https://tse2.mm.bing.net/th/id/OIP.-eUc7fkhtHFVUoGWbXf4mgHaFj?w=232&h=180&c=7&r=0&o=5&pid=1.7,ChristtheRedeemerBrazil8.jpg
Christ the Redeemer Brazil,https://tse1.mm.bing.net/th/id/OIP.jM8Lk5x2-KExy5iJtWFYyQHaJ4?w=130&h=180&c=7&r=0&o=5&pid=1.7,ChristtheRedeemerBrazil9.jpg
Christ the Redeemer Brazil,https://tse1.mm.bing.net/th/id/OIP.pM8NOeUChsRQLeMAx_tAAAHaEJ?w=329&h=185&c=7&r=0&o=5&pid=1.7,ChristtheRedeemerBrazil12.jpg
Christ the Redeemer Brazil,https://tse1.mm.bing.net/th/id/OIP.UWXnN_UFrWkFBZyPvQ24ogHaEJ?w=329&h=185&c=7&r=0&o=5&pid=1.7,ChristtheRedeemerBrazil13.jpg
Christ the Redeemer Brazil,https://tse1.mm.bing.net/th/id/OIP.JHOe8m7--3ezc8ehBfuUuQHaEJ?w=330&h=185&c=7&r=0&o=5&pid=1.7,ChristtheRedeemerBrazil14.jpg
Christ the Redeemer Brazil,https://ts1.mm.bing.net/th?id=OIP.c2-RReYHJBTUbIFhTNii7QAAAA&pid=15.1,ChristtheRedeemerBrazil15.jpg
Christ the Redeemer Brazil,https://ts3.mm.bing.net/th?id=OIP.XZxbBMYDlvgbVnGJAESk9QAAAA&pid=15.1,ChristtheRedeemerBrazil17.jpg
Christ the Redeemer Brazil,https://ts4.mm.bing.net/th?id=OIP.0qvCMWk7v6ZU4FEaDkKGdAHaFW&pid=15.1,ChristtheRedeemerBrazil18.jpg
Christ the Redeemer Brazil,https://ts2.mm.bing.net/th?id=OIP.aL9NIlhIZ2vvVtzMrJ7OogHaHa&pid=15.1,ChristtheRedeemerBrazil19.jpg
Christ the Redeemer Brazil,https://ts3.mm.bing.net/th?id=OIP.FovTyOTboU8bA9UsA9DI8gHaFW&pid=15.1,ChristtheRedeemerBrazil20.jpg
Christ the Redeemer Brazil,https://ts3.mm.bing.net/th?id=OIP.KGr3e6JAeV-ehrT59UlbrAHaFW&pid=15.1,ChristtheRedeemerBrazil21.jpg
Christ the Redeemer Brazil,https://ts1.mm.bing.net/th?id=OIP.-mNiVYYy6SC0VUvW0VoayQHaFj&pid=15.1,ChristtheRedeemerBrazil22.jpg
Christ the Redeemer Brazil,https://ts4.mm.bing.net/th?id=OIP.kf-sTa1rwZuiM3NnZuK9AgHaE8&pid=15.1,ChristtheRedeemerBrazil23.jpg
Christ the Redeemer Brazil,https://ts3.mm.bing.net/th?id=OIP._iedKadX84J6vdDEMG911QHaE6&pid=15.1,ChristtheRedeemerBrazil24.jpg
Christ the Redeemer Brazil,https://ts1.mm.bing.net/th?id=OIP.FLT51bidLQIr-_o2BLUOeAHaFb&pid=15.1,ChristtheRedeemerBrazil25.jpg
Christ the Redeemer Brazil,https://ts1.mm.bing.net/th?id=OIP.QFXHYZHgTomRQvK31tZZwgHaFj&pid=15.1,ChristtheRedeemerBrazil26.jpg
Christ the Redeemer Brazil,https://ts4.mm.bing.net/th?id=OIP.1eBZE1tcAaUxg5S7U8KxwQHaE7&pid=15.1,ChristtheRedeemerBrazil27.jpg
Christ the Redeemer Brazil,https://ts4.mm.bing.net/th?id=OIP.aWF-eKNkT6_wSQC5lZ8LWwHaEK&pid=15.1,ChristtheRedeemerBrazil28.jpg
Christ the Redeemer Brazil,https://ts4.mm.bing.net/th?id=OIP.6rEtlnCv65hyZeWwmQ2bTgHaEK&pid=15.1,ChristtheRedeemerBrazil29.jpg
Christ the Redeemer Brazil,https://ts2.mm.bing.net/th?id=OIP.CUPeTmhQSl0NQGF7iSM82gHaE8&pid=15.1,ChristtheRedeemerBrazil30.jpg
Christ the Redeemer Brazil,https://ts2.mm.bing.net/th?id=OIP.BhB8WcAIF60lI_QfjqntTgHaE0&pid=15.1,ChristtheRedeemerBrazil31.jpg
Christ the Redeemer Brazil,https://ts4.mm.bing.net/th?id=OIP.67EHJiN53j_GhkwAcnmCegHaJQ&pid=15.1,ChristtheRedeemerBrazil32.jpg
Christ the Redeemer Brazil,https://ts2.mm.bing.net/th?id=OIP.Zu-74Atwmy9i8eQXOMgM-wHaJQ&pid=15.1,ChristtheRedeemerBrazil33.jpg
Christ the Redeemer Brazil,https://ts4.mm.bing.net/th?id=OIP.itRsxEdOeW5bUNW2WQ29IAHaJQ&pid=15.1,ChristtheRedeemerBrazil34.jpg
Christ the Redeemer Brazil,https://ts1.mm.bing.net/th?id=OIP.e86VFSFMndF96BCsZ3qTqQHaGX&pid=15.1,ChristtheRedeemerBrazil35.jpg
Christ the Redeemer Brazil,https://ts2.mm.bing.net/th?id=OIP.Zu-74Atwmy9i8eQXOMgM-wHaJQ&pid=15.1,ChristtheRedeemerBrazil36.jpg
Christ the Redeemer Brazil,https://ts3.mm.bing.net/th?id=OIP.mkPerJSJfeUPbL8YYJeQ9AHaE8&pid=15.1,ChristtheRedeemerBrazil37.jpg
Christ the Redeemer Brazil,https://ts1.mm.bing.net/th?id=OIP.GFHfkzDSfNxfo5Y75a5G4gHaJ4&pid=15.1,ChristtheRedeemerBrazil38.jpg
Christ the Redeemer Brazil,https://ts3.mm.bing.net/th?id=OIP.6wz_6RdQQb_t30tRQ57lzgHaE8&pid=15.1,ChristtheRedeemerBrazil39.jpg
Christ the Redeemer Brazil,https://ts3.mm.bing.net/th?id=OIP.rs-QXa7vbYFstawxtyokyAHaLH&pid=15.1,ChristtheRedeemerBrazil40.jpg
Christ the Redeemer Brazil,https://ts3.mm.bing.net/th?id=OIP.SdgccA-mv5c0JHD7iPr_YgHaFy&pid=15.1,ChristtheRedeemerBrazil41.jpg
Christ the Redeemer Brazil,https://ts4.mm.bing.net/th?id=OIP.pR0hYgAOEGgtn90xTOnGQQHaEK&pid=15.1,ChristtheRedeemerBrazil43.jpg
Christ the Redeemer Brazil,https://ts2.mm.bing.net/th?id=OIP.qQfnHoPxigCSECzD9MqPxAHaHd&pid=15.1,ChristtheRedeemerBrazil44.jpg
Christ the Redeemer Brazil,https://ts1.mm.bing.net/th?id=OIP.XS6SDxnutEgWLMJd6t3MoQHaJ5&pid=15.1,ChristtheRedeemerBrazil45.jpg
Christ the Redeemer Brazil,https://ts1.mm.bing.net/th?id=OIP.r9CpXZHdUkNzXYQdbdKnHAHaJ4&pid=15.1,ChristtheRedeemerBrazil46.jpg
Christ the Redeemer Brazil,https://ts1.mm.bing.net/th?id=OIP.7leAgnPildgZTam39IFTFAAAAA&pid=15.1,ChristtheRedeemerBrazil47.jpg
Christ the Redeemer Brazil,https://ts2.mm.bing.net/th?id=OIP.-qYCH5XEbVcRCeqTXLJAPwHaFB&pid=15.1,ChristtheRedeemerBrazil48.jpg
Christ the Redeemer Brazil,https://ts2.mm.bing.net/th?id=OIP.DAYHlnJ779yReWknxbSSUwHaJ5&pid=15.1,ChristtheRedeemerBrazil49.jpg
Sydney Opera House Australia,https://tse1.mm.bing.net/th?q=Who+Designed+Sydney+Opera+House&w=42&h=42&c=7&rs=1&p=0&o=5&pid=1.7&mkt=en-IN&cc=IN&setlang=en&adlt=moderate&t=1,SydneyOperaHouseAustralia3.jpg
Sydney Opera House Australia,https://tse4.mm.bing.net/th/id/OIP.tunKKXjZND9zVD2FJJsXkwHaE8?w=215&h=180&c=7&r=0&o=5&pid=1.7,SydneyOperaHouseAustralia5.jpg
Sydney Opera House Australia,https://tse4.mm.bing.net/th/id/OIP.3etLK5zu9Q11C7pIrbkMDQHaE8?w=216&h=180&c=7&r=0&o=5&pid=1.7,SydneyOperaHouseAustralia6.jpg
Sydney Opera House Australia,https://tse1.mm.bing.net/th/id/OIP.pIbUpRIBiC6nFbUEutlldAHaC1?w=243&h=180&c=7&r=0&o=5&pid=1.7,SydneyOperaHouseAustralia7.jpg
Sydney Opera House Australia,https://tse4.mm.bing.net/th/id/OIP.5yBUJVeuYbcYHPbFJqXkfwHaE4?w=89&h=89&c=1&rs=1&qlt=90&r=0&pid=InlineBlock,SydneyOperaHouseAustralia8.jpg
Sydney Opera House Australia,https://tse1.mm.bing.net/th/id/OIP._0WFP1QEK_GHHKObs3Y2CgHaE9?w=89&h=90&c=1&rs=1&qlt=90&r=0&pid=InlineBlock,SydneyOperaHouseAustralia9.jpg
Sydney Opera House Australia,https://tse4.mm.bing.net/th/id/OIP.ALOiJR5dAPlZmqvCBryRWQHaE8?w=270&h=180&c=7&r=0&o=5&pid=1.7,SydneyOperaHouseAustralia10.jpg
Sydney Opera House Australia,https://tse4.mm.bing.net/th/id/OIP.RTf5uoToPWSp9wCr532zUwHaE8?w=271&h=180&c=7&r=0&o=5&pid=1.7,SydneyOperaHouseAustralia12.jpg
Sydney Opera House Australia,https://tse4.mm.bing.net/th/id/OIP.iTXTPjSnaixmipjPmEo4awHaFQ?w=182&h=180&c=7&r=0&o=5&pid=1.7,SydneyOperaHouseAustralia13.jpg
Sydney Opera House Australia,https://tse4.mm.bing.net/th/id/OIP.gFQfycI62BGXQXGG3yZmhwHaE8?w=234&h=180&c=7&r=0&o=5&pid=1.7,SydneyOperaHouseAustralia16.jpg
Sydney Opera House Australia,https://tse3.mm.bing.net/th/id/OIP.o8kSMAsUL3ob8p_DyObVrQHaFj?w=208&h=180&c=7&r=0&o=5&pid=1.7,SydneyOperaHouseAustralia17.jpg
Sydney Opera House Australia,https://tse3.mm.bing.net/th/id/OIP.ikHbkQIVDlKJWHUyeB9d0AHaEX?w=266&h=180&c=7&r=0&o=5&pid=1.7,SydneyOperaHouseAustralia18.jpg
Sydney Opera House Australia,https://ts1.mm.bing.net/th?id=OIP._v3ZZVSsWTCndJ1WBjpoPgHaFZ&pid=15.1,SydneyOperaHouseAustralia19.jpg
Sydney Opera House Australia,https://ts1.mm.bing.net/th?id=OIP.2LGWu-nZZN1TacZqSc5ThQHaE7&pid=15.1,SydneyOperaHouseAustralia22.jpg
Sydney Opera House Australia,https://ts3.mm.bing.net/th?id=OIP.M6iG8oYLtkDmU8KY2YBe5AHaEK&pid=15.1,SydneyOperaHouseAustralia24.jpg
Sydney Opera House Australia,https://ts2.mm.bing.net/th?id=OIP.9P-7h_L3PuKP_FAp_LrMagHaE6&pid=15.1,SydneyOperaHouseAustralia25.jpg
Sydney Opera House Australia,https://ts2.mm.bing.net/th?id=OIP.jfCO2DSz_3rbDbTScz486wAAAA&pid=15.1,SydneyOperaHouseAustralia27.jpg
Sydney Opera House Australia,https://ts3.mm.bing.net/th?id=OIP.4hNESDkdWlBgyY5lbBnb_AHaHa&pid=15.1,SydneyOperaHouseAustralia34.jpg
Sydney Opera House Australia,https://ts3.mm.bing.net/th?id=OIP.D-YzDTUpCXrzbV2YoDHjKgHaFj&pid=15.1,SydneyOperaHouseAustralia35.jpg
Sydney Opera House Australia,https://ts3.mm.bing.net/th?id=OIP.1Si3-7pSkZkYMD_QuApK2wHaEo&pid=15.1,SydneyOperaHouseAustralia37.jpg
Sydney Opera House Australia,https://ts3.mm.bing.net/th?id=OIP.lVORsLJiK6BaIZ5GK3qu9wHaFj&pid=15.1,SydneyOperaHouseAustralia40.jpg
Sydney Opera House Australia,https://ts2.mm.bing.net/th?id=OIP.kt6hkZS7wI9V3Y5DOM4EzAHaJ4&pid=15.1,SydneyOperaHouseAustralia42.jpg
Sydney Opera House Australia,https://ts3.mm.bing.net/th?id=OIP.NEazeq8DdS-1SQV3ZJG9dAHaFj&pid=15.1,SydneyOperaHouseAustralia46.jpg
Sydney Opera House Australia,https://ts3.mm.bing.net/th?id=OIP.MHs-hZOk8jl5p1YWs_q8qwHaE4&pid=15.1,SydneyOperaHouseAustralia47.jpg
Santorini Greece,https://tse2.mm.bing.net/th?q=Santorini+Volcano&w=42&h=42&c=7&rs=1&p=0&o=5&pid=1.7&mkt=en-IN&cc=IN&setlang=en&adlt=moderate&t=1,SantoriniGreece1.jpg
Santorini Greece,https://tse2.mm.bing.net/th?q=Fira+Greece&w=42&h=42&c=7&rs=1&p=0&o=5&pid=1.7&mkt=en-IN&cc=IN&setlang=en&adlt=moderate&t=1,SantoriniGreece2.jpg
Santorini Greece,https://tse2.mm.bing.net/th/id/OIP.Ct4FF3zdSRWMCtGCA_uKXQHaE8?w=177&h=180&c=7&r=0&o=5&pid=1.7,SantoriniGreece5.jpg
Santorini Greece,https://tse2.mm.bing.net/th/id/OIP.D2C5Buvl5gtkz5bF7D8lKQHaE7?w=89&h=89&c=1&rs=1&qlt=90&r=0&pid=InlineBlock,SantoriniGreece6.jpg
Santorini Greece,https://tse3.mm.bing.net/th/id/OIP.I252KeRDA4Zof8v9HRp9_wHaE8?w=218&h=180&c=7&r=0&o=5&pid=1.7,SantoriniGreece8.jpg
Santorini Greece,https://tse3.mm.bing.net/th/id/OIP.ZY286_ciChtUbcu4L35ROwHaHa?w=89&h=89&c=1&rs=1&qlt=90&r=0&pid=InlineBlock,SantoriniGreece10.jpg
Santorini Greece,https://tse3.mm.bing.net/th/id/OIP.yEtdZpBqei_q_d2_5htt_wHaGZ?w=89&h=90&c=1&rs=1&qlt=90&r=0&pid=InlineBlock,SantoriniGreece11.jpg
Santorini Greece,https://tse4.mm.bing.net/th/id/OIP.9m__OEtQ0xohDkzjevpghwHaFj?w=224&h=180&c=7&r=0&o=5&pid=1.7,SantoriniGreece13.jpg
Santorini Greece,https://tse3.mm.bing.net/th/id/OIP.b4wpU_u74atzmZRXh2oXQgHaJQ?w=135&h=180&c=7&r=0&o=5&pid=1.7,SantoriniGreece14.jpg
Santorini Greece,https://tse2.mm.bing.net/th/id/OIP.9stJTsRNuXBX1DHhCWCMIwHaHK?w=175&h=180&c=7&r=0&o=5&pid=1.7,SantoriniGreece15.jpg
Santorini Greece,https://tse3.mm.bing.net/th/id/OIP.wW4eUt00681o3BSjur1j-wHaHa?w=175&h=180&c=7&r=0&o=5&pid=1.7,SantoriniGreece16.jpg
Santorini Greece,https://tse3.mm.bing.net/th/id/OIP.ifZ7gki3wtSDJIf_5oml_QHaEo?w=281&h=180&c=7&r=0&o=5&pid=1.7,SantoriniGreece17.jpg
Santorini Greece,https://tse1.mm.bing.net/th/id/OIP.U2tW8zHppImSjYd9S9TeXQHaE-?w=260&h=180&c=7&r=0&o=5&pid=1.7,SantoriniGreece18.jpg
Santorini Greece,https://tse3.mm.bing.net/th/id/OIP.4NefgwMrQC8ByAa_Q23mIAHaE7?w=264&h=180&c=7&r=0&o=5&pid=1.7,SantoriniGreece19.jpg
Santorini Greece,https://ts4.mm.bing.net/th?id=OIP.RaaGp-D4AgMbx6zdOwsH5gHaDv&pid=15.1,SantoriniGreece23.jpg
Santorini Greece,https://ts2.mm.bing.net/th?id=OIP.R8NH9VssUeP9ot0IBSPBvQHaFG&pid=15.1,SantoriniGreece25.jpg
Santorini Greece,https://ts2.mm.bing.net/th?id=OIP.9PZc_fhl7NZR7c6hLd33KgHaFj&pid=15.1,SantoriniGreece26.jpg
Santorini Greece,https://ts3.mm.bing.net/th?id=OIP.L66q-jSvvtHB4GNf3uSrJAHaE7&pid=15.1,SantoriniGreece29.jpg
Santorini Greece,https://ts1.mm.bing.net/th?id=OIP.IJ78hiu1OTzkxN13pGu_sQHaFj&pid=15.1,SantoriniGreece30.jpg
Santorini Greece,https://ts3.mm.bing.net/th?id=OIP.Z9Eyxn-D_kv33K_voC4ZRAHaFj&pid=15.1,SantoriniGreece32.jpg
Santorini Greece,https://ts1.mm.bing.net/th?id=OIP.1GKTmJUms-thvN-RQAWVywHaE_&pid=15.1,SantoriniGreece33.jpg
Santorini Greece,https://ts1.mm.bing.net/th?id=OIP.d6D54nRn3vZGcCs9ozuAfAHaFc&pid=15.1,SantoriniGreece35.jpg
Santorini Greece,https://ts1.mm.bing.net/th?id=OIP.HQ4hBOXGOFfJHG9ASrCLZQHaFc&pid=15.1,SantoriniGreece36.jpg
Santorini Greece,https://ts1.mm.bing.net/th?id=OIP.Qkfqb50tl-1hcffjOF9rWQHaEV&pid=15.1,SantoriniGreece39.jpg
Santorini Greece,https://ts4.mm.bing.net/th?id=OIP.jV43LpVkgTTLS3L8MzOb9gHaJQ&pid=15.1,SantoriniGreece41.jpg
Santorini Greece,https://ts1.mm.bing.net/th?id=OIP.sqwzd0iN-uyW0x6WHVoDUgHaD4&pid=15.1,SantoriniGreece44.jpg
Santorini Greece,https://ts3.mm.bing.net/th?id=OIP.WpJALOBXPQGPaWXaiDJ6xQHaE8&pid=15.1,SantoriniGreece46.jpg
Santorini Greece,https://ts1.mm.bing.net/th?id=OIP.tTJ4_SdDmm8bMVWwkrxONQHaEK&pid=15.1,SantoriniGreece47.jpg
Santorini Greece,https://ts3.mm.bing.net/th?id=OIP.W9HCHl8M0BA8icmL_i_lOwHaE7&pid=15.1,SantoriniGreece48.jpg
Santorini Greece,https://ts1.mm.bing.net/th?id=OIP.1JURKmnN0zGC0z1JHBpz8AHaE7&pid=15.1,SantoriniGreece49.jpg
Grand Canyon USA,https://tse2.mm.bing.net/th?q=Grand+Canyon+South&w=42&h=42&c=7&rs=1&p=0&o=5&pid=1.7&mkt=en-IN&cc=IN&setlang=en&adlt=moderate&t=1,GrandCanyonUSA0.jpg
Grand Canyon USA,https://tse4.mm.bing.net/th?q=Grand+Canyon+Trip&w=42&h=42&c=7&rs=1&p=0&o=5&pid=1.7&mkt=en-IN&cc=IN&setlang=en&adlt=moderate&t=1,GrandCanyonUSA1.jpg
Grand Canyon USA,https://tse1.mm.bing.net/th?q=Grand+Canyon+Village&w=42&h=42&c=7&rs=1&p=0&o=5&pid=1.7&mkt=en-IN&cc=IN&setlang=en&adlt=moderate&t=1,GrandCanyonUSA2.jpg
Grand Canyon USA,https://tse2.mm.bing.net/th?q=Grand+Canyon+West&w=42&h=42&c=7&rs=1&p=0&o=5&pid=1.7&mkt=en-IN&cc=IN&setlang=en&adlt=moderate&t=1,GrandCanyonUSA3.jpg
Grand Canyon USA,https://tse1.mm.bing.net/th?q=Grand+Canyon+Rim&w=42&h=42&c=7&rs=1&p=0&o=5&pid=1.7&mkt=en-IN&cc=IN&setlang=en&adlt=moderate&t=1,GrandCanyonUSA4.jpg
Grand Canyon USA,https://tse4.mm.bing.net/th/id/OIP.HFdias7dILNCh-K-1NCh4gHaEo?w=249&h=180&c=7&r=0&o=5&pid=1.7,GrandCanyonUSA5.jpg
Grand Canyon USA,https://tse4.mm.bing.net/th/id/OIP.DxtMVszySaO648ZNQ4BLQQEsC7?w=89&h=89&c=1&rs=1&qlt=90&r=0&pid=InlineBlock,GrandCanyonUSA6.jpg
Grand Canyon USA,https://tse3.mm.bing.net/th/id/OIP.b6SoVrVtiJzBLOnoGW-pnwHaEo?w=89&h=90&c=1&rs=1&qlt=90&r=0&pid=InlineBlock,GrandCanyonUSA7.jpg
Grand Canyon USA,https://tse3.mm.bing.net/th/id/OIP.O3KC8eAgPUP67sH5TGKRJwHaLG?w=117&h=180&c=7&r=0&o=5&pid=1.7,GrandCanyonUSA8.jpg
Grand Canyon USA,https://tse3.mm.bing.net/th/id/OIP.LUhBnxJ0W-8pAYKMmJ6EVQHaE8?w=262&h=180&c=7&r=0&o=5&pid=1.7,GrandCanyonUSA9.jpg
Grand Canyon USA,https://tse1.mm.bing.net/th/id/OIP.bPC8gsXckuZCpNFpUD1YOQHaE8?w=262&h=180&c=7&r=0&o=5&pid=1.7,GrandCanyonUSA10.jpg
Grand Canyon USA,https://tse1.mm.bing.net/th/id/OIP.CsFYxJcKjBbkOPRiMFSjCAHaE6?w=200&h=180&c=7&r=0&o=5&pid=1.7,GrandCanyonUSA11.jpg
Grand Canyon USA,https://tse4.mm.bing.net/th/id/OIP.OU-mt4NsW8jMBm1ud6THHAHaE6?w=89&h=89&c=1&rs=1&qlt=90&r=0&pid=InlineBlock,GrandCanyonUSA12.jpg
Grand Canyon USA,https://tse4.mm.bing.net/th/id/OIP.OrfeGM1Os0Op5bu6hLTKOAHaE6?w=89&h=90&c=1&rs=1&qlt=90&r=0&pid=InlineBlock,GrandCanyonUSA13.jpg
Grand Canyon USA,https://tse4.mm.bing.net/th/id/OIP.hwLvf185WEFcnYlqjnEAqgHaEK?w=280&h=180&c=7&r=0&o=5&pid=1.7,GrandCanyonUSA14.jpg
Grand Canyon USA,https://tse1.mm.bing.net/th/id/OIP.Nvag1xOFyPpkFqFk9IZotwHaE8?w=237&h=180&c=7&r=0&o=5&pid=1.7,GrandCanyonUSA15.jpg
Grand Canyon USA,https://tse3.mm.bing.net/th/id/OIP.RgF2Qe0AtBNL0qkaRItwFQHaEP?w=327&h=187&c=7&r=0&o=5&pid=1.7,GrandCanyonUSA16.jpg
Grand Canyon USA,https://tse2.mm.bing.net/th/id/OIP.fVVsUO9_LgdO9zIrkg-pPgHaHa?w=187&h=187&c=7&r=0&o=5&pid=1.7,GrandCanyonUSA17.jpg
Grand Canyon USA,https://tse1.mm.bing.net/th/id/OIP.ZRhU4HmvQg5EgdPjDJYavgHaHa?w=187&h=187&c=7&r=0&o=5&pid=1.7,GrandCanyonUSA18.jpg
Grand Canyon USA,https://tse2.mm.bing.net/th/id/OIP.fHO-FU0ftYZ_r6V0-JUALwHaE8?w=279&h=187&c=7&r=0&o=5&pid=1.7,GrandCanyonUSA19.jpg
Grand Canyon USA,https://ts4.mm.bing.net/th?id=OIP.l3qjltNXiBUyvq1be_CPSwHaEu&pid=15.1,GrandCanyonUSA20.jpg
Grand Canyon USA,https://ts4.mm.bing.net/th?id=OIP.jzY1BlCYREnhtNekToamXAHaE5&pid=15.1,GrandCanyonUSA21.jpg
Grand Canyon USA,https://ts3.mm.bing.net/th?id=OIP.prT16Mu5fYfTQzDJDT1U-wHaE5&pid=15.1,GrandCanyonUSA22.jpg
Grand Canyon USA,https://ts3.mm.bing.net/th?id=OIP.heqv0YrCEniuwhwMc2I71wHaLP&pid=15.1,GrandCanyonUSA23.jpg
Grand Canyon USA,https://ts2.mm.bing.net/th?id=OIP.W2mXv7o5Li3cAxzaz6EaqAHaFj&pid=15.1,GrandCanyonUSA25.jpg
Grand Canyon USA,https://ts4.mm.bing.net/th?id=OIP.Mml9JVfrKydCfj8CIaCuYQHaFZ&pid=15.1,GrandCanyonUSA26.jpg
Grand Canyon USA,https://ts2.mm.bing.net/th?id=OIP.Ej3m9L4sB5Q5NoJhzyOIqwHaEK&pid=15.1,GrandCanyonUSA29.jpg
Grand Canyon USA,https://ts4.mm.bing.net/th?id=OIP.P-mlsfgtxw7xxEVrf69vTAHaFj&pid=15.1,GrandCanyonUSA30.jpg
Grand Canyon USA,https://ts3.mm.bing.net/th?id=OIP.qO-5wkINq65Bv4IdnBgT3gHaD5&pid=15.1,GrandCanyonUSA31.jpg
Grand Canyon USA,https://ts4.mm.bing.net/th?id=OIP.5yrX4ST6ROAATUExY6rqegHaFj&pid=15.1,GrandCanyonUSA32.jpg
Grand Canyon USA,https://ts4.mm.bing.net/th?id=OIP.jvBB4rRmQmXWxHxtN1xRJgHaCy&pid=15.1,GrandCanyonUSA33.jpg
Grand Canyon USA,https://ts3.mm.bing.net/th?id=OIP.21N4L-4HwoiEcMP_qPZpbQHaFj&pid=15.1,GrandCanyonUSA34.jpg
Grand Canyon USA,https://ts3.mm.bing.net/th?id=OIP.wvHH09b_GUTPDOatiEtUJwHaGA&pid=15.1,GrandCanyonUSA36.jpg
Grand Canyon USA,https://ts3.mm.bing.net/th?id=OIP.uEB3tc8ZRHyxtmfpERlaPgHaEc&pid=15.1,GrandCanyonUSA38.jpg
Grand Canyon USA,https://ts2.mm.bing.net/th?id=OIP.WWtdcyEDnwwueEmWu33ZkwHaE8&pid=15.1,GrandCanyonUSA39.jpg
Grand Canyon USA,https://ts2.mm.bing.net/th?id=OIP.Q62Wbg9ZdYs8KmRcY8FCHAHaJ2&pid=15.1,GrandCanyonUSA40.jpg
Grand Canyon USA,https://ts4.mm.bing.net/th?id=OIP.10sbYj92bcofHnPlrBrUvAHaE7&pid=15.1,GrandCanyonUSA41.jpg
Grand Canyon USA,https://ts4.mm.bing.net/th?id=OIP.1vzn47pO7EanFJdwbWlFMwHaDR&pid=15.1,GrandCanyonUSA42.jpg
Grand Canyon USA,https://ts4.mm.bing.net/th?id=OIP.1-GdvVRPaGpYYaT_vTF2OAHaDi&pid=15.1,GrandCanyonUSA43.jpg
Grand Canyon USA,https://ts3.mm.bing.net/th?id=OIP.w_9uIlT7VtIKEqsBJAi8_gHaEd&pid=15.1,GrandCanyonUSA44.jpg
Grand Canyon USA,https://ts4.mm.bing.net/th?id=OIP.sgkh80XaVshlxQkqxct8IgHaE7&pid=15.1,GrandCanyonUSA45.jpg
Grand Canyon USA,https://ts2.mm.bing.net/th?id=OIP.G2cNfX3JOUF0GP43k6eh1AHaE7&pid=15.1,GrandCanyonUSA49.jpg
Mount Fuji Japan,https://tse2.mm.bing.net/th/id/OIP.6R1OSWGLVM5wQnLFiSeomQHaF7?w=252&h=200&c=7&r=0&o=5&pid=1.7,MountFujiJapan10.jpg
Mount Fuji Japan,https://tse2.mm.bing.net/th/id/OIP.hnxxYecoU65PfyEWS_nPOAHaHa?w=202&h=200&c=7&r=0&o=5&pid=1.7,MountFujiJapan11.jpg
Mount Fuji Japan,https://tse2.mm.bing.net/th/id/OIP.b3wg48RZhM0tYlkHT0WUIgHaFj?w=203&h=180&c=7&r=0&o=5&pid=1.7,MountFujiJapan13.jpg
Mount Fuji Japan,https://tse2.mm.bing.net/th/id/OIP.VkDxjpbfD5xJZOg8gO7sygHaKm?w=89&h=89&c=1&rs=1&qlt=90&r=0&pid=InlineBlock,MountFujiJapan14.jpg
Mount Fuji Japan,https://tse2.mm.bing.net/th/id/OIP.t-t2PX5h8pj4S94Z-8e6IAHaF6?w=89&h=90&c=1&rs=1&qlt=90&r=0&pid=InlineBlock,MountFujiJapan15.jpg
Mount Fuji Japan,https://tse1.mm.bing.net/th/id/OIP.dPYRqX36UV4mxg0sgWmAWAHaGE?w=216&h=180&c=7&r=0&o=5&pid=1.7,MountFujiJapan17.jpg
Niagara Falls Canada,https://tse1.mm.bing.net/th?q=Niagara+Falls+Canada+Hotels&w=42&h=42&c=7&rs=1&p=0&o=5&pid=1.7&mkt=en-IN&cc=IN&setlang=en&adlt=moderate&t=1,NiagaraFallsCanada0.jpg
Niagara Falls Canada,https://tse1.mm.bing.net/th?q=Niagara+Falls+Canada+Best+Hotels&w=42&h=42&c=7&rs=1&p=0&o=5&pid=1.7&mkt=en-IN&cc=IN&setlang=en&adlt=moderate&t=1,NiagaraFallsCanada1.jpg
Niagara Falls Canada,https://tse4.mm.bing.net/th/id/OIP.C6LbriAjJ1ehwOgPlkJYwQHaEO?w=66&h=66&c=1&rs=1&qlt=90&r=0&pid=InlineBlock,NiagaraFallsCanada19.jpg
Niagara Falls Canada,https://tse1.mm.bing.net/th/id/OIP.He26beksdDMcFffPS2TF8gAAAA?w=66&h=67&c=1&rs=1&qlt=90&r=0&pid=InlineBlock,NiagaraFallsCanada20.jpg
Niagara Falls Canada,https://tse4.mm.bing.net/th/id/OIP.kSxsPM_4Ma6ZgoMG4-y-WwHaE7?w=302&h=201&c=7&r=0&o=5&pid=1.7,NiagaraFallsCanada22.jpg
Niagara Falls Canada,https://tse4.mm.bing.net/th/id/OIP.wr2xsx0uqGqs5Vc230Nv9QHaF0?w=66&h=66&c=1&rs=1&qlt=90&r=0&pid=InlineBlock,NiagaraFallsCanada23.jpg
Niagara Falls Canada,https://tse1.mm.bing.net/th/id/OIP.iahs_hD4YM55peGAVVxKcAHaE8?w=66&h=66&c=1&rs=1&qlt=90&r=0&pid=InlineBlock,NiagaraFallsCanada24.jpg
Pyramids of Giza Egypt,https://tse1.mm.bing.net/th?q=The+Pyramids+at+Giza&w=42&h=42&c=7&rs=1&p=0&o=5&pid=1.7&mkt=en-IN&cc=IN&setlang=en&adlt=moderate&t=1,PyramidsofGizaEgypt1.jpg
Pyramids of Giza Egypt,https://tse1.mm.bing.net/th?q=Egypt%27s+Pyramids&w=42&h=42&c=7&rs=1&p=0&o=5&pid=1.7&mkt=en-IN&cc=IN&setlang=en&adlt=moderate&t=1,PyramidsofGizaEgypt2.jpg
Pyramids of Giza Egypt,https://tse4.mm.bing.net/th?q=Great+Pyramids+Egypt&w=42&h=42&c=7&rs=1&p=0&o=5&pid=1.7&mkt=en-IN&cc=IN&setlang=en&adlt=moderate&t=1,PyramidsofGizaEgypt3.jpg
Pyramids of Giza Egypt,https://tse4.mm.bing.net/th?q=Egypt+Pyramids+Art&w=42&h=42&c=7&rs=1&p=0&o=5&pid=1.7&mkt=en-IN&cc=IN&setlang=en&adlt=moderate&t=1,PyramidsofGizaEgypt4.jpg
Pyramids of Giza Egypt,https://tse3.mm.bing.net/th/id/OIP.p3CWBPlp0ZWPxKZeEa_y2wHaE3?w=230&h=180&c=7&r=0&o=5&pid=1.7,PyramidsofGizaEgypt6.jpg
Pyramids of Giza Egypt,https://tse2.mm.bing.net/th/id/OIP.b0RrlrsTS1Bf78NOJSNkxAHaEA?w=280&h=180&c=7&r=0&o=5&pid=1.7,PyramidsofGizaEgypt7.jpg
Pyramids of Giza Egypt,https://tse3.mm.bing.net/th/id/OIP.Stk8JLTRnap4ZjsuHc0GTQHaER?w=269&h=180&c=7&r=0&o=5&pid=1.7,PyramidsofGizaEgypt9.jpg
Pyramids of Giza Egypt,https://tse3.mm.bing.net/th/id/OIP.B8VtKNmAXjeGmq3K_ZCUlwHaDt?w=303&h=175&c=7&r=0&o=5&pid=1.7,PyramidsofGizaEgypt11.jpg
Pyramids of Giza Egypt,https://tse2.mm.bing.net/th/id/OIP.146fMCz667lHb7b9U-5klwHaDi?w=306&h=167&c=7&r=0&o=5&pid=1.7,PyramidsofGizaEgypt12.jpg
Pyramids of Giza Egypt,https://tse3.mm.bing.net/th/id/OIP.mw-Fp_xlNli0wMRXyWubHgHaFR?w=222&h=180&c=7&r=0&o=5&pid=1.7,PyramidsofGizaEgypt13.jpg
Pyramids of Giza Egypt,https://tse3.mm.bing.net/th/id/OIP.pqqRq-CFIKosNCuln7muYgHaFS?w=221&h=180&c=7&r=0&o=5&pid=1.7,PyramidsofGizaEgypt15.jpg
Pyramids of Giza Egypt,https://ts3.mm.bing.net/th?id=OIP.iYTOs4W_YZoR8M9tsWi2QwHaEt&pid=15.1,PyramidsofGizaEgypt19.jpg
Pyramids of Giza Egypt,https://ts3.mm.bing.net/th?id=OIP.Ps4C1adwaaTBf8N6qipfngHaFS&pid=15.1,PyramidsofGizaEgypt27.jpg
Pyramids of Giza Egypt,https://ts4.mm.bing.net/th?id=OIP.ekoyIj-h3l1xuGzFeGU-kAHaGK&pid=15.1,PyramidsofGizaEgypt29.jpg
Pyramids of Giza Egypt,https://ts3.mm.bing.net/th?id=OIP.xt2MJwwYZp70pJXObcqOHgHaFj&pid=15.1,PyramidsofGizaEgypt30.jpg
Pyramids of Giza Egypt,https://ts1.mm.bing.net/th?id=OIP.sQUcW3q5lyclGCBkPPGmNwHaLH&pid=15.1,PyramidsofGizaEgypt33.jpg
Pyramids of Giza Egypt,https://ts1.mm.bing.net/th?id=OIP.M-FpvwJCmTxDSCHcVi59cAHaE6&pid=15.1,PyramidsofGizaEgypt34.jpg
Pyramids of Giza Egypt,https://ts3.mm.bing.net/th?id=OIP.Ope8pAr9ziexN7Uc5tNfQQHaFy&pid=15.1,PyramidsofGizaEgypt35.jpg
Pyramids of Giza Egypt,https://ts1.mm.bing.net/th?id=OIP.CxsTjDHpdju4o8uKRWqzwgHaHs&pid=15.1,PyramidsofGizaEgypt36.jpg
Pyramids of Giza Egypt,https://ts4.mm.bing.net/th?id=OIP.P8sOpl6orgs7QmEgRNQAOwHaE8&pid=15.1,PyramidsofGizaEgypt37.jpg
Pyramids of Giza Egypt,https://ts4.mm.bing.net/th?id=OIP.KIwgwl6a7vyqIvy2wGyy9gHaHP&pid=15.1,PyramidsofGizaEgypt38.jpg
Pyramids of Giza Egypt,https://ts3.mm.bing.net/th?id=OIP.274wb5AVwpKI-YH2Dky5kwHaFH&pid=15.1,PyramidsofGizaEgypt39.jpg
Pyramids of Giza Egypt,https://ts1.mm.bing.net/th?id=OIP.O_9RNVGlxKV6wMNXdIJFXQHaIQ&pid=15.1,PyramidsofGizaEgypt41.jpg
Pyramids of Giza Egypt,https://ts3.mm.bing.net/th?id=OIP.nqImiuj7kl_Jsq4Hv3gMkAHaJS&pid=15.1,PyramidsofGizaEgypt42.jpg
Pyramids of Giza Egypt,https://ts3.mm.bing.net/th?id=OIP.vCAUFeHlmi4LbGGQT1U6kQHaJX&pid=15.1,PyramidsofGizaEgypt43.jpg
Pyramids of Giza Egypt,https://ts4.mm.bing.net/th?id=OIP.mWzzLJ12G3UawFycc0uY6AAAAA&pid=15.1,PyramidsofGizaEgypt46.jpg
Pyramids of Giza Egypt,https://ts4.mm.bing.net/th?id=OIP.wm63eYsWXYBijpzfB4UkpAHaEX&pid=15.1,PyramidsofGizaEgypt47.jpg
Petra Jordan,https://tse1.mm.bing.net/th?q=Petra+Great+Temple&w=42&h=42&c=7&rs=1&p=0&o=5&pid=1.7&mkt=en-IN&cc=IN&setlang=en&adlt=moderate&t=1,PetraJordan2.jpg
Petra Jordan,https://tse3.mm.bing.net/th?q=Petra+Underground+City&w=42&h=42&c=7&rs=1&p=0&o=5&pid=1.7&mkt=en-IN&cc=IN&setlang=en&adlt=moderate&t=1,PetraJordan3.jpg
Petra Jordan,https://tse3.mm.bing.net/th?q=Rose+City+Petra+Jordan&w=42&h=42&c=7&rs=1&p=0&o=5&pid=1.7&mkt=en-IN&cc=IN&setlang=en&adlt=moderate&t=1,PetraJordan4.jpg
Petra Jordan,https://tse1.mm.bing.net/th/id/OIP.IEzPxw2Nen6UKM6a43cFMwHaE8?w=271&h=181&c=7&r=0&o=5&pid=1.7,PetraJordan5.jpg
Petra Jordan,https://tse1.mm.bing.net/th/id/OIP.xHuWZrNXtZvq5NnkXABuygHaLH?w=121&h=181&c=7&r=0&o=5&pid=1.7,PetraJordan6.jpg
Petra Jordan,https://tse4.mm.bing.net/th/id/OIP.cgggy-k59pXLNxML9AMeCgHaKu?w=124&h=181&c=7&r=0&o=5&pid=1.7,PetraJordan7.jpg
Petra Jordan,https://tse2.mm.bing.net/th/id/OIP.22lPSXJPGc7NnM4ApIfF6wHaFL?w=258&h=181&c=7&r=0&o=5&pid=1.7,PetraJordan8.jpg
Petra Jordan,https://tse1.mm.bing.net/th/id/OIP.emcZbaNn0kmk1V4LTDeWrAHaJ4?w=122&h=180&c=7&r=0&o=5&pid=1.7,PetraJordan9.jpg
Petra Jordan,https://tse4.mm.bing.net/th/id/OIP.CKEVM8a0wp87p_KzacByygHaKM?w=118&h=180&c=7&r=0&o=5&pid=1.7,PetraJordan10.jpg
Petra Jordan,https://tse2.mm.bing.net/th/id/OIP.ZaFXgscmjLeezmdRwQRIvwHaE7?w=244&h=180&c=7&r=0&o=5&pid=1.7,PetraJordan11.jpg
Petra Jordan,https://tse4.mm.bing.net/th/id/OIP.Kf4c8HnZD9rEACKvUjzOPAHaJ4?w=122&h=180&c=7&r=0&o=5&pid=1.7,PetraJordan12.jpg
Petra Jordan,https://tse1.mm.bing.net/th/id/OIP.UagDu__mCgMgOmVeoAnhzwHaKa?w=115&h=180&c=7&r=0&o=5&pid=1.7,PetraJordan13.jpg
Petra Jordan,https://tse4.mm.bing.net/th/id/OIP.DpJUwxwqDD37MwuodxLYWgHaE8?w=243&h=180&c=7&r=0&o=5&pid=1.7,PetraJordan14.jpg
Petra Jordan,https://tse4.mm.bing.net/th/id/OIP.XvAHtG0c6QsRzsakpztMVwHaFN?w=260&h=182&c=7&r=0&o=5&pid=1.7,PetraJordan15.jpg
Petra Jordan,https://tse1.mm.bing.net/th/id/OIP.pZf_CX98coLdW2yz9shevAHaGg?w=207&h=182&c=7&r=0&o=5&pid=1.7,PetraJordan16.jpg
Petra Jordan,https://tse2.mm.bing.net/th/id/OIP.jiRgXEJZG2uzC2o7CeIJ-gHaE8?w=272&h=182&c=7&r=0&o=5&pid=1.7,PetraJordan17.jpg
Petra Jordan,https://tse1.mm.bing.net/th/id/OIP.9pEVa0BE8eo4tebzQpku5gHaHa?w=180&h=182&c=7&r=0&o=5&pid=1.7,PetraJordan18.jpg
Petra Jordan,https://tse2.mm.bing.net/th/id/OIP.sRHzrDpA8WxY-0AQV4z-cQHaJP?w=60&h=60&c=1&rs=1&qlt=90&r=0&pid=InlineBlock,PetraJordan19.jpg
Petra Jordan,https://tse2.mm.bing.net/th/id/OIP.L9ZsdFqYBs8LBhgqyD32ogHaE8?w=60&h=60&c=1&rs=1&qlt=90&r=0&pid=InlineBlock,PetraJordan20.jpg
Petra Jordan,https://tse2.mm.bing.net/th/id/OIP.zg1exfreV-xK_JodUW9U7AHaFP?w=60&h=60&c=1&rs=1&qlt=90&r=0&pid=InlineBlock,PetraJordan21.jpg
Petra Jordan,https://ts4.mm.bing.net/th?id=OIP.sE3o4N_jz-7w4Fueue1bPQHaLI&pid=15.1,PetraJordan22.jpg
Petra Jordan,https://ts3.mm.bing.net/th?id=OIP.MsvJbIBckbb-PtSoJ4MzaQHaE8&pid=15.1,PetraJordan24.jpg
Petra Jordan,https://ts4.mm.bing.net/th?id=OIP.8ep59SkHMOfP7HigQsXQCgHaNH&pid=15.1,PetraJordan25.jpg
Petra Jordan,https://ts1.mm.bing.net/th?id=OIP.fq0RfFno8ndyEJ2Td15HeQHaFD&pid=15.1,PetraJordan26.jpg
Petra Jordan,https://ts3.mm.bing.net/th?id=OIP.FozXU4ijkwIrozY9zclsDwHaFu&pid=15.1,PetraJordan27.jpg
Petra Jordan,https://ts1.mm.bing.net/th?id=OIP.HF_GxWew-2als-iTNbkaiQAAAA&pid=15.1,PetraJordan28.jpg
Petra Jordan,https://ts1.mm.bing.net/th?id=OIP.gyrJBxcow1LgaGn7nfGlmQAAAA&pid=15.1,PetraJordan29.jpg
Petra Jordan,https://ts1.mm.bing.net/th?id=OIP.K8QrfHkJqMsEsUfgEC7fagHaFj&pid=15.1,PetraJordan30.jpg
Petra Jordan,https://ts4.mm.bing.net/th?id=OIP.RdPG8yXoAhkvHKnjvxIr1gHaIE&pid=15.1,PetraJordan31.jpg
Petra Jordan,https://ts1.mm.bing.net/th?id=OIP.QGqVjaMxDdVMJTHhku27GQHaE8&pid=15.1,PetraJordan32.jpg
Petra Jordan,https://ts4.mm.bing.net/th?id=OIP.XzUpGiZ1EfUzG-07Ad0S-QHaE6&pid=15.1,PetraJordan33.jpg
Petra Jordan,https://ts3.mm.bing.net/th?id=OIP.sy_UcVxhHWrOVOU-Slh_KAHaJI&pid=15.1,PetraJordan34.jpg
Petra Jordan,https://ts1.mm.bing.net/th?id=OIP.Qm0jnt7gQkwTRjlyd65pOAHaGj&pid=15.1,PetraJordan35.jpg
Petra Jordan,https://ts4.mm.bing.net/th?id=OIP.afQwwaxVWtGL_0zuYfbRdwHaFx&pid=15.1,PetraJordan36.jpg
Petra Jordan,https://ts4.mm.bing.net/th?id=OIP.9vI95qaDGWmCOHPsPp3tvgHaFd&pid=15.1,PetraJordan37.jpg
Petra Jordan,https://ts1.mm.bing.net/th?id=OIP.KlcOw_O-pQI6B7fTBjnEUAHaFt&pid=15.1,PetraJordan38.jpg
Petra Jordan,https://ts2.mm.bing.net/th?id=OIP.qDI-GUGHdsUYkr0QIKnb5QHaE9&pid=15.1,PetraJordan39.jpg
Petra Jordan,https://ts3.mm.bing.net/th?id=OIP.wR8KN1Gt8itHX7IVLH7XyAAAAA&pid=15.1,PetraJordan40.jpg
Petra Jordan,https://ts1.mm.bing.net/th?id=OIP.d91RqIsUwWaHGYG9A5jShQHaEk&pid=15.1,PetraJordan41.jpg
Petra Jordan,https://ts1.mm.bing.net/th?id=OIP.9M2ZLeKdb0dftCPV20AjegHaHa&pid=15.1,PetraJordan42.jpg
Petra Jordan,https://ts1.mm.bing.net/th?id=OIP.mPwsAk_nvzf_3lqbBHnW9QHaFj&pid=15.1,PetraJordan44.jpg
Petra Jordan,https://ts1.mm.bing.net/th?id=OIP.3To_4WhGR8D9rIMjl_7b3QHaHU&pid=15.1,PetraJordan45.jpg
Petra Jordan,https://ts2.mm.bing.net/th?id=OIP.UExsaPHJuBpHVN8aUJQozwHaFj&pid=15.1,PetraJordan46.jpg
Petra Jordan,https://ts1.mm.bing.net/th?id=OIP._yP2D6VvcxSlwvQjyvNuMQHaFJ&pid=15.1,PetraJordan47.jpg
Petra Jordan,https://ts4.mm.bing.net/th?id=OIP.z6FafepMPXO-bELsyYrsVwHaEU&pid=15.1,PetraJordan48.jpg
Petra Jordan,https://ts3.mm.bing.net/th?id=OIP.kHoa0zumG-YmnnSTbfSE4wHaE8&pid=15.1,PetraJordan49.jpg
Big Ben London,https://tse1.mm.bing.net/th?q=Big+Ben+London+England+UK&w=42&h=42&c=7&rs=1&p=0&o=5&pid=1.7&mkt=en-IN&cc=IN&setlang=en&adlt=moderate&t=1,BigBenLondon0.jpg
Big Ben London,https://tse3.mm.bing.net/th?q=London+Bridge+Big+Ben&w=42&h=42&c=7&rs=1&p=0&o=5&pid=1.7&mkt=en-IN&cc=IN&setlang=en&adlt=moderate&t=1,BigBenLondon1.jpg
Big Ben London,https://tse1.mm.bing.net/th?q=Big+Ben+London+Landscape&w=42&h=42&c=7&rs=1&p=0&o=5&pid=1.7&mkt=en-IN&cc=IN&setlang=en&adlt=moderate&t=1,BigBenLondon2.jpg
Big Ben London,https://tse4.mm.bing.net/th?q=London+Big+Ben+Drawing&w=42&h=42&c=7&rs=1&p=0&o=5&pid=1.7&mkt=en-IN&cc=IN&setlang=en&adlt=moderate&t=1,BigBenLondon3.jpg
Big Ben London,https://tse1.mm.bing.net/th?q=Big+Ben+Today&w=42&h=42&c=7&rs=1&p=0&o=5&pid=1.7&mkt=en-IN&cc=IN&setlang=en&adlt=moderate&t=1,BigBenLondon4.jpg
Big Ben London,https://tse1.mm.bing.net/th/id/OIGP.KCnd0.xyUgipBDHTJxho?w=228&h=228&c=6&o=5&pid=1.7,BigBenLondon5.jpg
Big Ben London,https://tse2.mm.bing.net/th/id/OIP.mJADzepvs9ulNOaJydNSkgHaEK?w=301&h=180&c=7&r=0&o=5&pid=1.7,BigBenLondon6.jpg
Big Ben London,https://tse4.mm.bing.net/th/id/OIP.dm26ixvyhCVIDo9S9GRy2gHaLH?w=115&h=180&c=7&r=0&o=5&pid=1.7,BigBenLondon7.jpg
Big Ben London,https://tse4.mm.bing.net/th/id/OIP.IPxWxrASKjOULFnYqEGZQAHaF7?w=212&h=180&c=7&r=0&o=5&pid=1.7,BigBenLondon8.jpg
Big Ben London,https://tse4.mm.bing.net/th/id/OIP.GS_2Oombq5f-PUA2nSWJAgAAAA?w=116&h=180&c=7&r=0&o=5&pid=1.7,BigBenLondon9.jpg
Big Ben London,https://tse2.mm.bing.net/th/id/OIP.MNsrFDhVW9DqGCdlOVHNygHaE5?w=280&h=185&c=7&r=0&o=5&pid=1.7,BigBenLondon10.jpg
Big Ben London,https://tse3.mm.bing.net/th/id/OIP.6rlvlpVzeuLzDt4AvcalKwHaEo?w=296&h=185&c=7&r=0&o=5&pid=1.7,BigBenLondon11.jpg
Big Ben London,https://tse3.mm.bing.net/th/id/OIP.2kF1eKYeptDkrS8Wy58T4QHaOx?w=61&h=61&c=1&rs=1&qlt=90&r=0&pid=InlineBlock,BigBenLondon12.jpg
Big Ben London,https://tse2.mm.bing.net/th/id/OIP.99gtWPXGUoLfMnQFN1tIGQHaE8?w=61&h=61&c=1&rs=1&qlt=90&r=0&pid=InlineBlock,BigBenLondon13.jpg
Big Ben London,https://tse3.mm.bing.net/th/id/OIP.gQ4SQ6SfR5ql6Z4xUfKP7QHaJ4?w=61&h=61&c=1&rs=1&qlt=90&r=0&pid=InlineBlock,BigBenLondon14.jpg
Big Ben London,https://tse3.mm.bing.net/th/id/OIP.gQ4SQ6SfR5ql6Z4xUfKP7QHaJ4?w=138&h=185&c=7&r=0&o=5&pid=1.7,BigBenLondon15.jpg
Big Ben London,https://tse3.mm.bing.net/th/id/OIP.A3lCGOmDPnNL8_8isAvhYQHaE8?w=284&h=189&c=7&r=0&o=5&pid=1.7,BigBenLondon16.jpg
Big Ben London,https://tse1.mm.bing.net/th/id/OIP.6-NkpSa3ipiW5DQ5kIXhnQHaE6?w=285&h=189&c=7&r=0&o=5&pid=1.7,BigBenLondon17.jpg
Big Ben London,https://tse3.mm.bing.net/th/id/OIP.eUJdSCPYt_1o7F1hWQYqcQAAAA?w=126&h=189&c=7&r=0&o=5&pid=1.7,BigBenLondon18.jpg
Big Ben London,https://tse1.mm.bing.net/th/id/OIP.z4b2ijoSBj6_FXXG11n2bAHaE6?w=285&h=189&c=7&r=0&o=5&pid=1.7,BigBenLondon19.jpg
Burj Khalifa Dubai,https://tse2.mm.bing.net/th?q=Hotels+in+Burj+Khalifa&w=42&h=42&c=7&rs=1&p=0&o=5&pid=1.7&mkt=en-IN&cc=IN&setlang=en&adlt=moderate&t=1,BurjKhalifaDubai0.jpg
Burj Khalifa Dubai,https://tse3.mm.bing.net/th?q=Burj+Khalifa+Restaurant&w=42&h=42&c=7&rs=1&p=0&o=5&pid=1.7&mkt=en-IN&cc=IN&setlang=en&adlt=moderate&t=1,BurjKhalifaDubai1.jpg
Burj Khalifa Dubai,https://tse3.mm.bing.net/th?q=Dubai+Burj+Khalifa+Night&w=42&h=42&c=7&rs=1&p=0&o=5&pid=1.7&mkt=en-IN&cc=IN&setlang=en&adlt=moderate&t=1,BurjKhalifaDubai2.jpg
Burj Khalifa Dubai,https://tse3.mm.bing.net/th?q=Building+Burj+Khalifa+Dubai&w=42&h=42&c=7&rs=1&p=0&o=5&pid=1.7&mkt=en-IN&cc=IN&setlang=en&adlt=moderate&t=1,BurjKhalifaDubai3.jpg
Burj Khalifa Dubai,https://tse3.mm.bing.net/th/id/OIP.1XYC4U1fPDx0qSa1rkzCmwHaFt?w=259&h=200&c=7&r=0&o=5&pid=1.7,BurjKhalifaDubai4.jpg
Burj Khalifa Dubai,https://tse1.mm.bing.net/th/id/OIP.mORpnX9UJsPr4h-OxWvhKgHaFu?w=66&h=66&c=1&rs=1&qlt=90&r=0&pid=InlineBlock,BurjKhalifaDubai5.jpg
Burj Khalifa Dubai,https://tse1.mm.bing.net/th/id/OIP.miM5Zff0k_Aoqlp56QmXbAHaF2?w=66&h=66&c=1&rs=1&qlt=90&r=0&pid=InlineBlock,BurjKhalifaDubai6.jpg
Burj Khalifa Dubai,https://tse4.mm.bing.net/th/id/OIP.-78a0YJ7JEtw0ffrJ6BypQHaFy?w=66&h=66&c=1&rs=1&qlt=90&r=0&pid=InlineBlock,BurjKhalifaDubai7.jpg
Burj Khalifa Dubai,https://tse4.mm.bing.net/th/id/OIP.vJATNmakUe6eKZiTTnVdvgHaJ4?w=150&h=200&c=7&r=0&o=5&pid=1.7,BurjKhalifaDubai8.jpg
Burj Khalifa Dubai,https://tse1.mm.bing.net/th/id/OIP.1pg1nHaZQ2_l9OkFj3wMkgHaKX?w=143&h=200&c=7&r=0&o=5&pid=1.7,BurjKhalifaDubai9.jpg
Burj Khalifa Dubai,https://tse1.mm.bing.net/th/id/OIP.XRtrZLCI_2OStBt5JKZG5wHaLI?w=133&h=200&c=7&r=0&o=5&pid=1.7,BurjKhalifaDubai10.jpg
Burj Khalifa Dubai,https://tse1.mm.bing.net/th/id/OIP.mORpnX9UJsPr4h-OxWvhKgHaFu?w=184&h=180&c=7&r=0&o=5&pid=1.7,BurjKhalifaDubai11.jpg
Burj Khalifa Dubai,https://tse4.mm.bing.net/th/id/OIP.-78a0YJ7JEtw0ffrJ6BypQHaFy?w=89&h=89&c=1&rs=1&qlt=90&r=0&pid=InlineBlock,BurjKhalifaDubai12.jpg
Burj Khalifa Dubai,https://tse4.mm.bing.net/th/id/OIP.kTLFziJL2BZiNRa9lRpH4wHaFt?w=89&h=90&c=1&rs=1&qlt=90&r=0&pid=InlineBlock,BurjKhalifaDubai13.jpg
Burj Khalifa Dubai,https://tse1.mm.bing.net/th/id/OIP.T3qbKA5Hg4NHHasZcZz_LQHaJ4?w=125&h=180&c=7&r=0&o=5&pid=1.7,BurjKhalifaDubai14.jpg
Burj Khalifa Dubai,https://tse1.mm.bing.net/th/id/OIP.swCGSeP6iUwxSxC6BU_wzQHaLL?w=115&h=180&c=7&r=0&o=5&pid=1.7,BurjKhalifaDubai15.jpg
Burj Khalifa Dubai,https://tse1.mm.bing.net/th/id/OIP.miM5Zff0k_Aoqlp56QmXbAHaF2?w=211&h=180&c=7&r=0&o=5&pid=1.7,BurjKhalifaDubai16.jpg
Burj Khalifa Dubai,https://tse2.mm.bing.net/th/id/OIP.k18vIOhIMGGFIrmsFoCrRAHaE-?w=247&h=180&c=7&r=0&o=5&pid=1.7,BurjKhalifaDubai17.jpg
Burj Khalifa Dubai,https://tse4.mm.bing.net/th/id/OIP.2E6eARsEcbpaio8h79dufAHaHc?w=199&h=200&c=7&r=0&o=5&pid=1.7,BurjKhalifaDubai18.jpg
Burj Khalifa Dubai,https://tse2.mm.bing.net/th/id/OIP.52hFLjcvm6TD6Bd3BkSdiQHaJ4?w=66&h=66&c=1&rs=1&qlt=90&r=0&pid=InlineBlock,BurjKhalifaDubai19.jpg
Burj Khalifa Dubai,https://tse1.mm.bing.net/th/id/OIP.dgB4O4JY64Bvycp4h11sHAHaI_?w=66&h=66&c=1&rs=1&qlt=90&r=0&pid=InlineBlock,BurjKhalifaDubai20.jpg
Burj Khalifa Dubai,https://tse3.mm.bing.net/th/id/OIP.uMeVmstUI1QU-FBc6Bq6_wHaJd?w=66&h=66&c=1&rs=1&qlt=90&r=0&pid=InlineBlock,BurjKhalifaDubai21.jpg
Burj Khalifa Dubai,https://tse4.mm.bing.net/th/id/OIP.8kfZT0fVKDdg1LIHgF1JqwHaJe?w=156&h=200&c=7&r=0&o=5&pid=1.7,BurjKhalifaDubai22.jpg
Burj Khalifa Dubai,https://tse3.mm.bing.net/th/id/OIP.dSlbupLAhpcwIPKS8PMN8wHaOX?w=66&h=66&c=1&rs=1&qlt=90&r=0&pid=InlineBlock,BurjKhalifaDubai23.jpg
Burj Khalifa Dubai,https://tse3.mm.bing.net/th/id/OIP.ZfoesAf4BUXpiUfJOJqEdgHaE9?w=66&h=66&c=1&rs=1&qlt=90&r=0&pid=InlineBlock,BurjKhalifaDubai24.jpg
Burj Khalifa Dubai,https://tse4.mm.bing.net/th/id/OIP.1Kn81TMIFKCLm2Op9UAAjgHaE9?w=66&h=66&c=1&rs=1&qlt=90&r=0&pid=InlineBlock,BurjKhalifaDubai25.jpg
Burj Khalifa Dubai,https://tse1.mm.bing.net/th/id/OIP.686osJwzXBQi1oVGH7ElzAHaL0?w=124&h=200&c=7&r=0&o=5&pid=1.7,BurjKhalifaDubai26.jpg
Burj Khalifa Dubai,https://tse4.mm.bing.net/th/id/OIP.ZzEKtEESjAYP3S2mfbfOGwHaE6?w=367&h=200&c=7&r=0&o=5&pid=1.7,BurjKhalifaDubai27.jpg
Times Square New York,https://tse4.mm.bing.net/th?q=Time+Square+New+York+City+Street+Map&w=42&h=42&c=7&rs=1&p=0&o=5&pid=1.7&mkt=en-IN&cc=IN&setlang=en&adlt=moderate&t=1,TimesSquareNewYork0.jpg
Times Square New York,https://tse4.mm.bing.net/th?q=Hilton+New+York+City+Times+Square&w=42&h=42&c=7&rs=1&p=0&o=5&pid=1.7&mkt=en-IN&cc=IN&setlang=en&adlt=moderate&t=1,TimesSquareNewYork1.jpg
Times Square New York,https://tse1.mm.bing.net/th?q=New+York+Time+Square+Billboard&w=42&h=42&c=7&rs=1&p=0&o=5&pid=1.7&mkt=en-IN&cc=IN&setlang=en&adlt=moderate&t=1,TimesSquareNewYork2.jpg
Times Square New York,https://tse2.mm.bing.net/th/id/OIP.SXCCTUYbzHo300bdveritAHaEo?w=289&h=180&c=7&r=0&o=5&pid=1.7,TimesSquareNewYork4.jpg
Times Square New York,https://tse1.mm.bing.net/th/id/OIP.KjltYEY6Db8fRxUURliQsAHaDi?w=349&h=167&c=7&r=0&o=5&pid=1.7,TimesSquareNewYork5.jpg
Times Square New York,https://tse1.mm.bing.net/th/id/OIP.gULLs952LKdG7T-xvmcVUAHaFj?w=236&h=180&c=7&r=0&o=5&pid=1.7,TimesSquareNewYork6.jpg
Times Square New York,https://tse2.mm.bing.net/th/id/OIP.WpABMqA2vBHW60kCSx7CnAHaE7?w=266&h=180&c=7&r=0&o=5&pid=1.7,TimesSquareNewYork7.jpg
Times Square New York,https://tse2.mm.bing.net/th/id/OIP.2oDX_B4gPaAIICkDzhksPAHaEo?w=284&h=180&c=7&r=0&o=5&pid=1.7,TimesSquareNewYork8.jpg
Times Square New York,https://tse1.mm.bing.net/th/id/OIP.xbDunC8JWm2Rjggnsz_ONgHaEx?w=215&h=180&c=7&r=0&o=5&pid=1.7,TimesSquareNewYork9.jpg
Times Square New York,https://tse1.mm.bing.net/th/id/OIP.W3oCwi7DKm5bUifUDGNzsAHaEL?w=246&h=180&c=7&r=0&o=5&pid=1.7,TimesSquareNewYork10.jpg
Times Square New York,https://tse4.mm.bing.net/th/id/OIP.gT3UMTxvtFtz4GLnTn5o2QHaFj?w=184&h=180&c=7&r=0&o=5&pid=1.7,TimesSquareNewYork11.jpg
Times Square New York,https://tse4.mm.bing.net/th/id/OIP.BxyLWB4wbNn0kz16hYy86wHaDt?w=245&h=180&c=7&r=0&o=5&pid=1.7,TimesSquareNewYork12.jpg
Times Square New York,https://ts3.mm.bing.net/th?id=OIP.fQOem3w7kIxVl3bGDmOl0wHaEC&pid=15.1,TimesSquareNewYork15.jpg
Times Square New York,https://ts4.mm.bing.net/th?id=OIP.HADmmyy0iJFcenyzsg05zAHaE4&pid=15.1,TimesSquareNewYork16.jpg
Times Square New York,https://ts2.mm.bing.net/th?id=OIP.rJ9JG1iUk0xG4KcvRN_0rgHaE7&pid=15.1,TimesSquareNewYork17.jpg
Times Square New York,https://ts3.mm.bing.net/th?id=OIP.0I7_MUWZ2hilySA4SCwH-gHaFc&pid=15.1,TimesSquareNewYork18.jpg
Times Square New York,https://ts3.mm.bing.net/th?id=OIP.hYk-fkVPRDKyDOshEwRo2QHaE8&pid=15.1,TimesSquareNewYork19.jpg
Times Square New York,https://ts2.mm.bing.net/th?id=OIP.xa2eRDdUWMRbifjPj8O3-gHaD4&pid=15.1,TimesSquareNewYork20.jpg
Times Square New York,https://ts1.mm.bing.net/th?id=OIP.68NWuiVQ3pNwfVTRELk20wHaJQ&pid=15.1,TimesSquareNewYork24.jpg
Times Square New York,https://ts1.mm.bing.net/th?id=OIP.QhSzD90NQDQnKyjOP0eOWwHaEK&pid=15.1,TimesSquareNewYork26.jpg
Times Square New York,https://ts4.mm.bing.net/th?id=OIP.RfGlm7YFBb5BYUJpWr8lfgHaEK&pid=15.1,TimesSquareNewYork27.jpg
Times Square New York,https://ts3.mm.bing.net/th?id=OIP.9xSdegaon7nkepe-h9A5HgHaD4&pid=15.1,TimesSquareNewYork32.jpg
Times Square New York,https://ts1.mm.bing.net/th?id=OIP.Wlxg5-rVGuR9cUANO_s4hQHaE_&pid=15.1,TimesSquareNewYork33.jpg
Times Square New York,https://ts4.mm.bing.net/th?id=OIP.4F_NWLjUaveOelxBMSb60AHaEK&pid=15.1,TimesSquareNewYork34.jpg
Times Square New York,https://ts3.mm.bing.net/th?id=OIP.E504UhJDtlfBFviBPA41GQHaLG&pid=15.1,TimesSquareNewYork36.jpg
Times Square New York,https://ts3.mm.bing.net/th?id=OIP.WU8mcLnqz3LaaUWlvPqUBQHaD4&pid=15.1,TimesSquareNewYork38.jpg
Times Square New York,https://ts1.mm.bing.net/th?id=OIP.6np6qg2B51Oqu88w7KllvwHaJ3&pid=15.1,TimesSquareNewYork39.jpg
Times Square New York,https://ts4.mm.bing.net/th?id=OIP.WZpDDOKnsqgD3I_1-4ncdwHaJo&pid=15.1,TimesSquareNewYork40.jpg
Great Barrier Reef Australia,https://tse4.mm.bing.net/th?q=Great+Barrier+Reef+UNESCO&w=42&h=42&c=7&rs=1&p=0&o=5&pid=1.7&mkt=en-IN&cc=IN&setlang=en&adlt=moderate&t=1,GreatBarrierReefAustralia2.jpg
Great Barrier Reef Australia,https://tse2.mm.bing.net/th/id/OIP.gG0P01lIMG-7Nc1H_77BqQHaFs?w=213&h=180&c=7&r=0&o=5&pid=1.7,GreatBarrierReefAustralia6.jpg
Great Barrier Reef Australia,https://tse2.mm.bing.net/th/id/OIP.tT_Xp2sWbk6t2ptH-GK-4wHaEZ?w=277&h=180&c=7&r=0&o=5&pid=1.7,GreatBarrierReefAustralia7.jpg
Great Barrier Reef Australia,https://tse2.mm.bing.net/th/id/OIP.I2oBJc6RRKu0SL8VhkA0WwHaEK?w=273&h=180&c=7&r=0&o=5&pid=1.7,GreatBarrierReefAustralia8.jpg
Great Barrier Reef Australia,https://tse3.mm.bing.net/th/id/OIP.BGNeuzCSde07LG8rhRvK0gHaEJ?w=273&h=180&c=7&r=0&o=5&pid=1.7,GreatBarrierReefAustralia9.jpg
Great Barrier Reef Australia,https://tse2.mm.bing.net/th/id/OIP.c63_YMA3sP8Q4VMgqNqz-AHaER?w=266&h=180&c=7&r=0&o=5&pid=1.7,GreatBarrierReefAustralia10.jpg
Great Barrier Reef Australia,https://tse2.mm.bing.net/th/id/OIP.cRUYshl3vOdtpuxu3FFInAHaER?w=307&h=180&c=7&r=0&o=5&pid=1.7,GreatBarrierReefAustralia12.jpg
Great Barrier Reef Australia,https://tse2.mm.bing.net/th/id/OIP.p40C6JdsvgII9a_1zZchEgHaFj?w=235&h=180&c=7&r=0&o=5&pid=1.7,GreatBarrierReefAustralia13.jpg
Great Barrier Reef Australia,https://ts1.mm.bing.net/th?id=OIP.TzKhdTiT9qfMxoaBVurB5wHaE6&pid=15.1,GreatBarrierReefAustralia15.jpg
Great Barrier Reef Australia,https://ts1.mm.bing.net/th?id=OIP.VtOSkhZwuqLVekzyO1UA1QHaJQ&pid=15.1,GreatBarrierReefAustralia17.jpg
Great Barrier Reef Australia,https://ts1.mm.bing.net/th?id=OIP.8zn1YTL6Gl4452eEi0Tm9gHaE8&pid=15.1,GreatBarrierReefAustralia18.jpg
Great Barrier Reef Australia,https://ts1.mm.bing.net/th?id=OIP.qcd40I4NE99FCva3GVhOxAHaFj&pid=15.1,GreatBarrierReefAustralia19.jpg
Great Barrier Reef Australia,https://ts3.mm.bing.net/th?id=OIP.779Oka2-ZmwUplcD_orLAgHaFj&pid=15.1,GreatBarrierReefAustralia20.jpg
Great Barrier Reef Australia,https://ts4.mm.bing.net/th?id=OIP.w3iffYbLhOj638xdGwvuDgHaFf&pid=15.1,GreatBarrierReefAustralia21.jpg
Great Barrier Reef Australia,https://ts4.mm.bing.net/th?id=OIP.flzzp2XPubzf4PedtDA7cgHaEH&pid=15.1,GreatBarrierReefAustralia22.jpg
Great Barrier Reef Australia,https://ts4.mm.bing.net/th?id=OIP.U1EGh8Wipmlr4hoFSBnkCQHaFc&pid=15.1,GreatBarrierReefAustralia23.jpg
Great Barrier Reef Australia,https://ts1.mm.bing.net/th?id=OIP.j9zrlFDzWoS9LbZAvfixrwHaFc&pid=15.1,GreatBarrierReefAustralia24.jpg
Great Barrier Reef Australia,https://ts3.mm.bing.net/th?id=OIP.1jaQR0G1-SQAeA2PuP4HkgHaEo&pid=15.1,GreatBarrierReefAustralia25.jpg
Great Barrier Reef Australia,https://ts1.mm.bing.net/th?id=OIP.KsH8hVezYn6RgkUg4VGmrgAAAA&pid=15.1,GreatBarrierReefAustralia26.jpg
Great Barrier Reef Australia,https://ts4.mm.bing.net/th?id=OIP.ZTySWrFRoFaoeyv6S3seqAHaEK&pid=15.1,GreatBarrierReefAustralia27.jpg
Great Barrier Reef Australia,https://ts1.mm.bing.net/th?id=OIP.dSzEclmPQw4tFgrXH0F2XgHaEo&pid=15.1,GreatBarrierReefAustralia28.jpg
Great Barrier Reef Australia,https://ts4.mm.bing.net/th?id=OIP.Ezxan_DHe8n4N7cc6x3f1gAAAA&pid=15.1,GreatBarrierReefAustralia29.jpg
Great Barrier Reef Australia,https://ts3.mm.bing.net/th?id=OIP.vk1e_pBAsBrLhKZPINvntwHaF0&pid=15.1,GreatBarrierReefAustralia30.jpg
Great Barrier Reef Australia,https://ts4.mm.bing.net/th?id=OIP.pPZcU_HbDuOgdNcmk11lywHaD-&pid=15.1,GreatBarrierReefAustralia32.jpg
Great Barrier Reef Australia,https://ts3.mm.bing.net/th?id=OIP.Ly7G2nD10tre5vnw8nR7pAHaEi&pid=15.1,GreatBarrierReefAustralia33.jpg
Great Barrier Reef Australia,https://ts1.mm.bing.net/th?id=OIP.duc_tMd_hMVteW-S_1l99wHaE8&pid=15.1,GreatBarrierReefAustralia34.jpg
Great Barrier Reef Australia,https://ts3.mm.bing.net/th?id=OIP.bI4OxWSh69qPBLzS9SwacAHaEH&pid=15.1,GreatBarrierReefAustralia35.jpg
Great Barrier Reef Australia,https://ts3.mm.bing.net/th?id=OIP.B9d_rKStB11cupE765bAKwHaEd&pid=15.1,GreatBarrierReefAustralia36.jpg
Great Barrier Reef Australia,https://ts4.mm.bing.net/th?id=OIP.FP0XHEvXP3x3MYeobv9hOgHaEH&pid=15.1,GreatBarrierReefAustralia37.jpg
Great Barrier Reef Australia,https://ts1.mm.bing.net/th?id=OIP.vzxmFt8xSvJqxYJtetjXagHaHa&pid=15.1,GreatBarrierReefAustralia38.jpg
Great Barrier Reef Australia,https://ts3.mm.bing.net/th?id=OIP.4s7UEKyfQ_qcc2ijSmLjsgHaE7&pid=15.1,GreatBarrierReefAustralia39.jpg
Great Barrier Reef Australia,https://ts1.mm.bing.net/th?id=OIP.PQoLJr5lfiTD5wkXl7I76wHaE8&pid=15.1,GreatBarrierReefAustralia41.jpg
Great Barrier Reef Australia,https://ts3.mm.bing.net/th?id=OIP.MQypakfYnF2_Um6CguNAlAHaE_&pid=15.1,GreatBarrierReefAustralia43.jpg
Great Barrier Reef Australia,https://ts1.mm.bing.net/th?id=OIP.VLziPSsMCqwx6i3I_-jMXwHaEO&pid=15.1,GreatBarrierReefAustralia44.jpg
Great Barrier Reef Australia,https://ts4.mm.bing.net/th?id=OIP.LGkjcZumqFH5Xy9br5gGOQHaE8&pid=15.1,GreatBarrierReefAustralia45.jpg
Great Barrier Reef Australia,https://ts2.mm.bing.net/th?id=OIP.eLGPqt7tsFsC18oBJIpsnAHaHa&pid=15.1,GreatBarrierReefAustralia46.jpg
Great Barrier Reef Australia,https://ts1.mm.bing.net/th?id=OIP.xKY0E8uM7wpcBLAIleN3kgHaEK&pid=15.1,GreatBarrierReefAustralia47.jpg
Great Barrier Reef Australia,https://ts3.mm.bing.net/th?id=OIP.RbMA9uWUE3X5qf5-Z8geMwHaE7&pid=15.1,GreatBarrierReefAustralia48.jpg
Great Barrier Reef Australia,https://ts1.mm.bing.net/th?id=OIP.c7aQrwjt5UwX5R5XdOdSxAHaDr&pid=15.1,GreatBarrierReefAustralia49.jpg
Northern Lights Norway,https://tse1.mm.bing.net/th?q=Northern+Lights+Norway+Cruise&w=42&h=42&c=7&rs=1&p=0&o=5&pid=1.7&mkt=en-IN&cc=IN&setlang=en&adlt=moderate&t=1,NorthernLightsNorway0.jpg
Northern Lights Norway,https://tse4.mm.bing.net/th?q=Tromso+Northern+Lights&w=42&h=42&c=7&rs=1&p=0&o=5&pid=1.7&mkt=en-IN&cc=IN&setlang=en&adlt=moderate&t=1,NorthernLightsNorway1.jpg
Northern Lights Norway,https://tse1.mm.bing.net/th?q=Reine+Norway+Northern+Lights&w=42&h=42&c=7&rs=1&p=0&o=5&pid=1.7&mkt=en-IN&cc=IN&setlang=en&adlt=moderate&t=1,NorthernLightsNorway2.jpg
Northern Lights Norway,https://tse2.mm.bing.net/th?q=Norway+Northern+Lights+Tour&w=42&h=42&c=7&rs=1&p=0&o=5&pid=1.7&mkt=en-IN&cc=IN&setlang=en&adlt=moderate&t=1,NorthernLightsNorway3.jpg
Northern Lights Norway,https://tse4.mm.bing.net/th/id/OIP.SRdviXAfilDUIm1b3FsUoAHaDq?w=281&h=173&c=7&r=0&o=5&pid=1.7,NorthernLightsNorway4.jpg
Northern Lights Norway,https://tse1.mm.bing.net/th/id/OIP.LSfMbYN12-jOntcN5hKyyAHaLG?w=89&h=89&c=1&rs=1&qlt=90&r=0&pid=InlineBlock,NorthernLightsNorway6.jpg
Northern Lights Norway,https://tse2.mm.bing.net/th/id/OIP.ptaJExtPe14ORN_XWiKDCAHaE8?w=89&h=90&c=1&rs=1&qlt=90&r=0&pid=InlineBlock,NorthernLightsNorway7.jpg
Northern Lights Norway,https://tse1.mm.bing.net/th/id/OIP.YRi68ZH3bj6VaZmt6-n8OAHaE8?w=217&h=180&c=7&r=0&o=5&pid=1.7,NorthernLightsNorway8.jpg
Northern Lights Norway,https://tse4.mm.bing.net/th/id/OIP.mhqragsUXZTTJE4f3IWvrgHaE8?w=217&h=180&c=7&r=0&o=5&pid=1.7,NorthernLightsNorway9.jpg
Northern Lights Norway,https://tse3.mm.bing.net/th/id/OIP.yQTurx2bFaqx_IgPMzALlwHaEu?w=257&h=180&c=7&r=0&o=5&pid=1.7,NorthernLightsNorway11.jpg
Northern Lights Norway,https://tse1.mm.bing.net/th/id/OIP.jZF96PlkZJAdG9YOHGEZmgHaFT?w=192&h=180&c=7&r=0&o=5&pid=1.7,NorthernLightsNorway12.jpg
Northern Lights Norway,https://tse1.mm.bing.net/th/id/OIP.kUu6MRyyzBlySmtxFvtXfgHaE8?w=89&h=90&c=1&rs=1&qlt=90&r=0&pid=InlineBlock,NorthernLightsNorway14.jpg
Northern Lights Norway,https://tse4.mm.bing.net/th/id/OIP.CRqFz2_9SLg-SviTRK_rAAHaIx?w=124&h=180&c=7&r=0&o=5&pid=1.7,NorthernLightsNorway15.jpg
Northern Lights Norway,https://tse4.mm.bing.net/th/id/OIP.uaMlTDT8a5n5eOWBkaNo0QHaLK?w=115&h=180&c=7&r=0&o=5&pid=1.7,NorthernLightsNorway16.jpg
Northern Lights Norway,https://tse4.mm.bing.net/th/id/OIP.cjIOgXAGcZ3paWHFq3lW5AHaE8?w=222&h=180&c=7&r=0&o=5&pid=1.7,NorthernLightsNorway17.jpg
Northern Lights Norway,https://tse2.mm.bing.net/th/id/OIP.82n4EsQ9rdufLuvfcpbW2QHaE8?w=222&h=180&c=7&r=0&o=5&pid=1.7,NorthernLightsNorway18.jpg
Northern Lights Norway,https://tse4.mm.bing.net/th/id/OIP._XHaThRcSdnCPkbCy6cTtgHaDt?w=289&h=174&c=7&r=0&o=5&pid=1.7,NorthernLightsNorway19.jpg
Northern Lights Norway,https://ts1.mm.bing.net/th?id=OIP.VPIWJeqNO6JqdtMolPxuNgHaE8&pid=15.1,NorthernLightsNorway20.jpg
Northern Lights Norway,https://ts4.mm.bing.net/th?id=OIP.v2jJM6D6Jeeq2SBWCBEwlAHaE0&pid=15.1,NorthernLightsNorway21.jpg
Northern Lights Norway,https://ts3.mm.bing.net/th?id=OIP.rgjpzIXLzeSToo51MSeDLAHaE8&pid=15.1,NorthernLightsNorway22.jpg
Northern Lights Norway,https://ts1.mm.bing.net/th?id=OIP.Kp4BiY_iNEMpOvnuN9ARdQHaEK&pid=15.1,NorthernLightsNorway23.jpg
Northern Lights Norway,https://ts1.mm.bing.net/th?id=OIP.2_QIroqm0xEa70OYi8_ESQHaEK&pid=15.1,NorthernLightsNorway24.jpg
Northern Lights Norway,https://ts2.mm.bing.net/th?id=OIP.PRr6RL2st4okXPQLCwwDTwAAAA&pid=15.1,NorthernLightsNorway25.jpg
Northern Lights Norway,https://ts2.mm.bing.net/th?id=OIP.nn7WiLTjp3t7rTm_lKJ1sgHaE8&pid=15.1,NorthernLightsNorway26.jpg
Northern Lights Norway,https://ts3.mm.bing.net/th?id=OIP.BFAWimFWmNhg-Il0zIUitQHaE8&pid=15.1,NorthernLightsNorway27.jpg
Northern Lights Norway,https://ts1.mm.bing.net/th?id=OIP.Qqm6InMzPQqPutcxmFTsnQHaFj&pid=15.1,NorthernLightsNorway28.jpg
Northern Lights Norway,https://ts3.mm.bing.net/th?id=OIP.XI8aJs5Z7njiMlt6iUq6kAHaDt&pid=15.1,NorthernLightsNorway29.jpg
Northern Lights Norway,https://ts2.mm.bing.net/th?id=OIP.0OgwfwuJyfGLMWezBw_cIwHaLZ&pid=15.1,NorthernLightsNorway30.jpg
Northern Lights Norway,https://ts4.mm.bing.net/th?id=OIP.Tw4M_ebkHxnZEQx1X8FaZgHaDt&pid=15.1,NorthernLightsNorway31.jpg
Northern Lights Norway,https://ts2.mm.bing.net/th?id=OIP.fTBxBE_sGYjSGioqA8tRPAHaFj&pid=15.1,NorthernLightsNorway32.jpg
Northern Lights Norway,https://ts2.mm.bing.net/th?id=OIP.sTfOC3LWkqvoP5tAcvZnewHaE7&pid=15.1,NorthernLightsNorway33.jpg
Northern Lights Norway,https://ts3.mm.bing.net/th?id=OIP.8HmiX4t86Q3Kj5MLrKLLswAAAA&pid=15.1,NorthernLightsNorway34.jpg
Northern Lights Norway,https://ts4.mm.bing.net/th?id=OIP.QRihjO6RzWMyqLl-shRjDgHaE8&pid=15.1,NorthernLightsNorway35.jpg
Northern Lights Norway,https://ts3.mm.bing.net/th?id=OIP.IqOr9ZzhSXF0QGBUWBbPNgHaE8&pid=15.1,NorthernLightsNorway36.jpg
Northern Lights Norway,https://ts1.mm.bing.net/th?id=OIP.5H1TAewu-0JUkFMIctwY2QAAAA&pid=15.1,NorthernLightsNorway37.jpg
Northern Lights Norway,https://ts2.mm.bing.net/th?id=OIP.KaRxjeCMoCfVLfeG6OxdNAHaEN&pid=15.1,NorthernLightsNorway38.jpg
Northern Lights Norway,https://ts2.mm.bing.net/th?id=OIP.Oybw8MMV6-Us2nIWyOM9UgHaE7&pid=15.1,NorthernLightsNorway39.jpg
Northern Lights Norway,https://ts2.mm.bing.net/th?id=OIP.YRi68ZH3bj6VaZmt6-n8OAHaE8&pid=15.1,NorthernLightsNorway40.jpg
Northern Lights Norway,https://ts4.mm.bing.net/th?id=OIP.5iTGUPCeqxmIZf-4imhmJQHaLH&pid=15.1,NorthernLightsNorway41.jpg
Northern Lights Norway,https://ts3.mm.bing.net/th?id=OIP.yQTurx2bFaqx_IgPMzALlwHaEu&pid=15.1,NorthernLightsNorway42.jpg
Northern Lights Norway,https://ts1.mm.bing.net/th?id=OIP.xrubM7aknL9QLOFRI9OtOwHaF9&pid=15.1,NorthernLightsNorway43.jpg
Northern Lights Norway,https://ts1.mm.bing.net/th?id=OIP.gT2vE2NIBpT1oQnHP7j5lAHaE8&pid=15.1,NorthernLightsNorway44.jpg
Northern Lights Norway,https://ts1.mm.bing.net/th?id=OIP.9kSSRvP95BYj3TAyAu1E1gAAAA&pid=15.1,NorthernLightsNorway45.jpg
Northern Lights Norway,https://ts3.mm.bing.net/th?id=OIP.MckX06y460iMAeIJYalHXwHaE8&pid=15.1,NorthernLightsNorway46.jpg
Northern Lights Norway,https://ts2.mm.bing.net/th?id=OIP.fTBxBE_sGYjSGioqA8tRPAHaFj&pid=15.1,NorthernLightsNorway47.jpg
Northern Lights Norway,https://ts3.mm.bing.net/th?id=OIP.JoiWL-IfIHHmM2Hi79FWRQHaE8&pid=15.1,NorthernLightsNorway48.jpg
Northern Lights Norway,https://ts1.mm.bing.net/th?id=OIP.G1uSccM97hNg_jUZca7JkgHaDt&pid=15.1,NorthernLightsNorway49.jpg
Banff National Park Canada,https://tse1.mm.bing.net/th?q=Banff+National+Park+Hotels&w=42&h=42&c=7&rs=1&p=0&o=5&pid=1.7&mkt=en-IN&cc=IN&setlang=en&adlt=moderate&t=1,BanffNationalParkCanada0.jpg
Banff National Park Canada,https://tse2.mm.bing.net/th?q=Location+of+Banff+National+Park&w=42&h=42&c=7&rs=1&p=0&o=5&pid=1.7&mkt=en-IN&cc=IN&setlang=en&adlt=moderate&t=1,BanffNationalParkCanada2.jpg
Banff National Park Canada,https://tse4.mm.bing.net/th/id/OIP.22Z3bco_af4hljWn2vUbUwHaHa?w=120&h=180&c=7&r=0&o=5&pid=1.7,BanffNationalParkCanada4.jpg
Banff National Park Canada,https://tse4.mm.bing.net/th/id/OIP.k-1yXPmC6xMrihjvVCTPsgHaHa?w=89&h=89&c=1&rs=1&qlt=90&r=0&pid=InlineBlock,BanffNationalParkCanada5.jpg
Banff National Park Canada,https://tse1.mm.bing.net/th/id/OIP.A-JYaHdZ9u6aJI9ccjdseQHaHa?w=89&h=90&c=1&rs=1&qlt=90&r=0&pid=InlineBlock,BanffNationalParkCanada6.jpg
Banff National Park Canada,https://tse4.mm.bing.net/th/id/OIP.E9tjgZWGGQtL5LAWTTCzPwHaEK?w=281&h=180&c=7&r=0&o=5&pid=1.7,BanffNationalParkCanada7.jpg
Banff National Park Canada,https://tse4.mm.bing.net/th/id/OIP.Vo83jtRB7QcvL6NWCfKmxAHaEo?w=253&h=180&c=7&r=0&o=5&pid=1.7,BanffNationalParkCanada8.jpg
Banff National Park Canada,https://tse1.mm.bing.net/th/id/OIP.Q2FgM8yFnSTVSEkNyUdMDgHaE8?w=236&h=180&c=7&r=0&o=5&pid=1.7,BanffNationalParkCanada9.jpg
Banff National Park Canada,https://tse1.mm.bing.net/th/id/OIP.50a8iapDC07Qyq7f2xsGkgHaFc?w=226&h=180&c=7&r=0&o=5&pid=1.7,BanffNationalParkCanada10.jpg
Banff National Park Canada,https://tse3.mm.bing.net/th/id/OIP.AeN6Zfv6gBEqNrPCCVBY9wHaE8?w=240&h=180&c=7&r=0&o=5&pid=1.7,BanffNationalParkCanada17.jpg
Banff National Park Canada,https://ts1.mm.bing.net/th?id=OIP.IS94gvzLuNIvWXSnZ_bEawHaIO&pid=15.1,BanffNationalParkCanada19.jpg
Banff National Park Canada,https://ts2.mm.bing.net/th?id=OIP.LuQWtfnlrqkohNi4UVGM4AAAAA&pid=15.1,BanffNationalParkCanada20.jpg
Banff National Park Canada,https://ts3.mm.bing.net/th?id=OIP.Hnfufo97e2vfO3ffyZTF-gHaG7&pid=15.1,BanffNationalParkCanada21.jpg
Banff National Park Canada,https://ts1.mm.bing.net/th?id=OIP.dU5Jti5pHKgvMuRLT2ZqfAHaI9&pid=15.1,BanffNationalParkCanada22.jpg
Banff National Park Canada,https://ts2.mm.bing.net/th?id=OIP.KfzbAs9OjQe-4Lafn7m5OQAAAA&pid=15.1,BanffNationalParkCanada23.jpg
Banff National Park Canada,https://ts3.mm.bing.net/th?id=OIP.JMldz59BLDMdbwH5rqgPvwHaGb&pid=15.1,BanffNationalParkCanada24.jpg
Banff National Park Canada,https://ts3.mm.bing.net/th?id=OIP.Immrm7iydEB3BTjA5hbDnwHaFk&pid=15.1,BanffNationalParkCanada25.jpg
Banff National Park Canada,https://ts3.mm.bing.net/th?id=OIP.ZIyrSrYzVnGhfxtmkj4UEgHaKS&pid=15.1,BanffNationalParkCanada26.jpg
Banff National Park Canada,https://ts2.mm.bing.net/th?id=OIP.FPo_xFrJT-e_yQ-C2y7T7AHaHE&pid=15.1,BanffNationalParkCanada27.jpg
Banff National Park Canada,https://ts1.mm.bing.net/th?id=OIP.4O8txIKfJtncXsdv-LaowwHaHS&pid=15.1,BanffNationalParkCanada29.jpg
Banff National Park Canada,https://ts2.mm.bing.net/th?id=OIP.HGjsNpKTPk8J58aQOn9D4gAAAA&pid=15.1,BanffNationalParkCanada31.jpg
Banff National Park Canada,https://ts3.mm.bing.net/th?id=OIP.3-9vo00_ZPpP_kKj0vNV-wHaG4&pid=15.1,BanffNationalParkCanada32.jpg
Banff National Park Canada,https://ts2.mm.bing.net/th?id=OIP.xOgoe8rXy3KpHRK9l3IQGwHaIj&pid=15.1,BanffNationalParkCanada34.jpg
Banff National Park Canada,https://ts2.mm.bing.net/th?id=OIP.oJREiaeFTgVmOnMY0P-BSQAAAA&pid=15.1,BanffNationalParkCanada35.jpg
Banff National Park Canada,https://ts2.mm.bing.net/th?id=OIP.z33kMvMBQqyb00ID9DIm0wHaIP&pid=15.1,BanffNationalParkCanada37.jpg
Banff National Park Canada,https://ts3.mm.bing.net/th?id=OIP.AT5r8uC8tZl4mG4zoKVtEwHaI0&pid=15.1,BanffNationalParkCanada38.jpg
Banff National Park Canada,https://ts3.mm.bing.net/th?id=OIP.M7Pnrlj6bJeSl6lc-7jaDAHaGN&pid=15.1,BanffNationalParkCanada39.jpg
Banff National Park Canada,https://ts1.mm.bing.net/th?id=OIP.ul3QJVEVnSwnyM2CnGNKcwHaEK&pid=15.1,BanffNationalParkCanada40.jpg
Banff National Park Canada,https://ts2.mm.bing.net/th?id=OIP.qUetMMA2jnULqa1dCivjngHaE8&pid=15.1,BanffNationalParkCanada41.jpg
Banff National Park Canada,https://ts3.mm.bing.net/th?id=OIP.WGpwsoMbUcI7RSBoRAL8fQHaEK&pid=15.1,BanffNationalParkCanada42.jpg
Banff National Park Canada,https://ts4.mm.bing.net/th?id=OIP.x5YHfWun_yncBE6oP8gY_QHaHa&pid=15.1,BanffNationalParkCanada44.jpg
Banff National Park Canada,https://ts1.mm.bing.net/th?id=OIP.Vo83jtRB7QcvL6NWCfKmxAHaEo&pid=15.1,BanffNationalParkCanada46.jpg
Banff National Park Canada,https://ts4.mm.bing.net/th?id=OIP.S39_fULzQ3EYNUO1oON-kQHaEo&pid=15.1,BanffNationalParkCanada47.jpg
Banff National Park Canada,https://ts4.mm.bing.net/th?id=OIP.EHsFEJF9lraebEA05Y7thAHaE7&pid=15.1,BanffNationalParkCanada48.jpg
